frame_id,object_index,class,distance_m,truncated,occluded,yaw_drift_deg,corner_iou,lidar_iou,lidar_points,lidar_status,gt_x1,gt_y1,gt_x2,gt_y2,corner_x1,corner_y1,corner_x2,corner_y2,lidar_x1,lidar_y1,lidar_x2,lidar_y2
000001,0,Truck,69.45757410102946,0.0,0,-3,0.9378628164093085,0.0,0,too_few_points,599.41,156.4,629.75,189.25,599.8492375499051,157.33761579381633,629.8411848342162,189.84501263771423,,,,
000001,1,Car,60.827897382697685,0.0,0,-3,0.9805792155970717,0.0777853803470184,10,ok,387.63,181.54,423.81,203.12,387.8809817461105,181.4595996302404,423.7698102507707,203.2919188152593,404.56982204104213,194.7778502739088,419.8182460854886,198.76069175565067
000001,2,Cyclist,46.08813404771341,0.0,3,-3,0.9599369505629226,0.0,0,too_few_points,676.6,163.95,688.98,193.93,676.8632776535213,164.15631778742335,688.89370790702,194.0951566616923,,,,
000004,0,Car,41.416147817004905,0.0,0,-3,0.9800793602166951,0.019674238584695376,19,ok,280.38,185.1,344.9,215.59,280.6308266234518,184.85277444681324,344.8763067784587,215.83221683311902,282.00401937386545,213.03220325095762,326.5193042960224,213.90164513794596
000004,1,Car,53.62680206762287,0.0,0,-3,0.9796579429978688,0.002667420244553589,7,ok,365.14,184.54,406.11,205.2,365.345850196183,184.445901205217,406.0129449490881,205.38101053632593,387.6934300124028,202.913784413509,401.3528730208538,203.07907751688717
000007,0,Car,25.076528866651383,0.0,0,-3,0.9667119802019462,0.8564472588219987,89,ok,564.62,174.59,616.43,224.74,565.4822674388488,175.0120260902123,616.6555064316764,224.96047078357958,566.1358981870555,177.7013039254265,617.7405599447602,222.95667590888993
000007,1,Car,48.163697947728224,0.0,0,-3,0.9719531768004971,0.049704999013275346,4,ok,481.59,180.09,512.55,202.42,481.8496676318343,179.85710648600008,512.4094386793754,202.53901726391695,497.8959574579811,196.61156212948939,506.44011067554374,200.6333644177732
000007,2,Car,60.72708292022597,0.0,0,-3,0.9732200547497134,0.0,0,too_few_points,542.05,175.55,565.27,193.79,542.2247136363295,175.73341160107591,565.2443510290931,193.94468803128316,,,,
000007,3,Cyclist,36.40301361151299,0.0,0,-3,0.9790535391453362,0.0,0,too_few_points,330.6,176.09,355.61,213.6,330.8419174965761,176.13804376450176,355.49785328558744,213.8147887154328,,,,
000008,0,Car,4.884669896727925,0.88,3,-3,0.993376964810551,0.9899881066600469,4744,ok,0.0,192.37,402.31,374.0,0.0,191.3346280888893,402.6967273731604,374.0,0.0,192.4311167558347,406.24320036304016,374.0
000008,1,Car,8.11609512019173,0.0,1,-3,0.985383797759683,0.755097060283106,1077,ok,334.85,178.94,624.5,372.04,335.783058370862,178.69011549395384,624.5448197689615,374.0,399.4380044776028,180.40296129133986,622.8823403948662,369.41489963652407
000008,2,Car,7.418099487065404,0.34,3,-3,0.9865460364055325,0.7117237670280062,995,ok,937.29,197.39,1241.0,374.0,938.8093144611796,195.86942796206094,1241.0,374.0,1000.0723370227199,215.54746810863037,1241.0,374.0
000008,3,Car,14.56231437649936,0.0,1,-3,0.9740017462085421,0.46908687834329194,358,ok,597.59,176.18,720.9,261.14,598.0678967121008,176.35120042473784,721.2785777077737,262.63551523939844,642.9219346259342,180.46702938326982,704.857538711978,263.96857651659144
000008,4,Car,34.01558613341831,0.0,0,-3,0.9648126354806893,0.6140625218002349,63,ok,741.18,168.83,792.25,208.43,741.6706475479675,169.3550315585611,792.2887502422866,208.91560853095123,746.3483670056111,173.9560382096853,785.644249813342,205.5589126485786
000008,5,Car,21.75717123157328,0.0,0,-3,0.9711096331637186,0.8886903538783526,83,ok,884.52,178.31,956.41,240.18,885.375574880649,178.2402751822824,956.1167360780912,240.94612760947086,885.151861487456,182.96304724909723,958.2710796411517,240.63850237756247
000009,0,Car,23.954999478188263,0.0,0,-3,0.9691905624919593,0.7924375811424581,101,ok,601.96,177.01,659.15,229.51,602.7258950069524,177.07969187873167,658.7444162269289,230.0091082194858,605.8879890567151,181.23256590310757,659.101990056659,225.94399488292075
000009,1,Car,66.39593436348343,0.0,2,-3,0.9804577106969352,0.0,1,too_few_points,600.14,177.09,624.65,193.31,600.2515775209974,177.0745874239214,624.7781213729945,193.45767373211066,,,,
000009,2,Car,68.31325054482475,0.0,0,-3,0.9765780955208441,0.0,1,too_few_points,574.98,178.64,598.45,194.01,575.140095178741,178.51572420211681,598.421445697845,194.12980928858352,,,,
000010,0,Car,7.027616950289763,0.8,0,-3,0.984911449570525,0.8823775280468513,1664,ok,1013.39,182.46,1241.0,374.0,1015.2264077150546,181.08362111125447,1241.0,374.0,1013.168793327949,204.84434822373024,1241.0,374.0
000010,1,Car,12.153505667090464,0.0,0,-3,0.9730093784212728,0.7977976359001155,560,ok,354.43,185.52,549.52,294.49,354.97416944722585,184.7725046188561,549.8571160610747,296.2672535655886,369.4323274764215,189.27781516729343,533.105646408988,296.4817691786055
000010,2,Pedestrian,24.990228090195576,0.0,2,-3,0.6918638501905229,0.0,0,too_few_points,859.54,159.8,879.68,221.4,852.9154293879426,159.93130560447275,881.862470097748,221.65420490634102,,,,
000010,3,Car,17.58300600011272,0.0,0,-3,0.9665345171068871,0.8499683739588294,237,ok,819.63,178.12,926.85,251.56,820.6326146444272,177.98991240160436,926.213586761583,252.83263871366248,824.3967795757907,184.69464788757077,928.0325335289654,252.58751656060787
000010,4,Car,23.152187801587996,0.0,2,-3,0.9658414616932302,0.557254084100543,51,ok,800.54,178.06,878.75,230.56,801.4463740562173,177.90660108762395,878.7624069725051,231.63916915829682,827.6667432501653,183.9958125498868,877.3548329693501,230.0450612451025
000010,5,Car,23.708471059939736,0.0,0,-3,0.9736929947835116,0.6233070150751334,96,ok,558.55,179.04,635.05,230.61,559.1191610178486,179.02753331906058,635.0644622466402,231.59426962806828,575.4069664080365,182.00965762084073,626.5217736784673,230.11727560907266
000010,6,Car,29.129059373759393,0.0,2,-3,0.9701812852632052,0.0,0,too_few_points,598.3,178.68,652.25,218.17,598.9414033395154,178.68843734408998,652.2220242444396,218.87891260401935,,,,
000010,7,Car,29.64992074188395,0.0,1,-3,0.9695534897583151,0.5216136427356687,47,ok,784.59,178.04,839.98,220.1,785.0678221749215,177.99508638777752,840.0357589581953,220.96625830925603,786.7970148191648,194.81038994826025,840.6317570731777,217.80690077548965
000010,8,Car,43.12322460113576,0.0,1,-3,0.9731961226235505,0.0,0,too_few_points,663.74,175.36,707.21,204.15,664.2152127096258,175.4288940904289,707.2008538336105,204.5477423570668,,,,
000011,0,Pedestrian,13.487212462180612,0.0,1,-3,0.7617231065164821,0.6066172516014297,39,ok,883.68,144.15,937.35,259.01,872.3139701353475,144.4122272280948,942.4710022834482,259.3021124565615,876.8121914996219,177.3526138344883,942.9060221090715,259.699041715312
000011,1,Pedestrian,14.559921016269284,0.0,2,-3,0.9708695625871554,0.005222146663668713,12,ok,873.7,152.1,933.44,256.07,874.9735414851298,152.23039459628572,933.2053602827806,256.3624767733045,873.9989759926357,249.75703644515332,912.6064020278328,250.597176090171
000011,2,Car,27.157706088696077,0.0,0,-3,0.9622486896042994,0.832833939903901,66,ok,444.29,171.04,504.95,225.82,445.02358593009217,171.9676073863049,504.8867768841907,226.27600114783556,446.54892399958084,175.31264094407987,501.4839338089109,225.68979656509438
000011,3,Pedestrian,34.1870048410211,0.0,0,-3,0.6641050054820695,0.0,0,too_few_points,649.28,168.1,664.61,206.4,645.966167796266,168.34718204537592,668.9003652613195,206.4828304989361,,,,
000011,4,Car,6.8332861786990895,0.98,0,-3,0.982799839978754,0.5666438374695972,1783,ok,0.0,217.12,85.92,374.0,0.0,214.96720042586304,85.59656521482813,374.0,0.0,234.03191497244282,54.56862341719028,374.0
000011,5,Pedestrian,17.91347258350541,0.0,0,-3,0.7876745079392184,0.5071389457583882,54,ok,240.35,190.31,268.02,261.61,236.3630222171076,190.70010149639117,271.28204395022004,261.7267221369062,235.4775356904483,208.5069440476983,263.1874458682559,257.63287067439524
000012,0,Car,59.13815773255031,0.0,0,-3,0.9702557474704571,0.0,2,too_few_points,662.2,185.85,690.21,205.03,662.4127626428843,185.68958356531368,690.1349186753105,205.2584181947708,,,,
000012,1,Van,66.37461035667177,0.0,0,-3,0.9726182775303641,0.0,0,too_few_points,448.07,177.14,481.6,206.41,448.50409396229236,177.2017166271295,481.48319608898134,206.68163281568044,,,,
000015,0,Car,5.221350400040204,0.89,0,-3,0.9912411296450793,0.9311902161254832,4158,ok,0.0,194.7,414.71,373.0,0.0,196.22647532011217,414.79338274711637,373.0,0.0,206.31074278476328,416.46813368402076,373.0
000015,1,Pedestrian,9.052043968077044,0.0,1,-3,0.572380053604775,0.3569754422690057,242,ok,1021.76,133.28,1101.39,316.63,987.8187161307981,132.6542849670998,1126.330933889528,316.3193805641278,1059.0930926119156,154.40212533277494,1128.9916428413844,315.0460374551702
000015,2,Pedestrian,24.305951945974055,0.0,0,-3,0.5880880804465123,0.0,13,ok,672.23,171.73,690.13,224.33,662.7646074562543,171.758261147998,688.3457420920323,224.2461682919993,662.796135708894,224.4095117368101,688.1339916902361,224.51152476783733
000015,3,Pedestrian,24.483839568172307,0.0,0,-3,0.7118486738615575,0.6118185209964087,41,ok,692.68,169.14,712.48,224.03,686.4648321534155,169.0405645070376,714.1820223689004,223.89896771779314,685.8267224515387,175.9072164504761,715.1665841662852,224.42089142276586
000015,4,Pedestrian,23.408197282148834,0.0,0,-3,0.729137193930143,0.5835734120672788,36,ok,537.84,168.08,560.9,224.34,530.9373733624349,168.22327607201495,562.5026878563468,224.34396515400263,536.7311331857223,186.97065608854084,562.2536583257075,221.98450624736432
000016,0,Car,44.631107985350305,0.0,2,-3,0.9792166491764549,0.13507067014852822,17,ok,661.23,174.85,694.38,197.63,661.3091206048756,175.0096492086401,694.4038212475683,197.87948218760903,663.2052642682544,194.1194897895119,693.0226023332181,198.2940700958014
000016,1,Truck,28.136895706527397,0.0,2,-3,0.9573142425561406,0.39564303027787695,327,ok,125.12,91.71,474.04,253.26,126.11973549516009,94.7550443077408,473.48420706449025,256.5591101915768,184.080656716241,145.85619883129883,439.5314561362215,233.15918112009805
000016,2,Car,33.47478752733168,0.0,0,-3,0.9602189787890513,0.0,6,ok,684.49,172.19,733.85,205.26,684.9527530538684,172.6122524346565,733.6702373170714,205.7541675881495,714.0818531325496,205.67444346899262,724.6144726268863,205.75701540286406
000016,3,Car,7.270508923039706,0.5,0,-3,0.9953459048459267,0.8523039058156237,1265,ok,0.0,193.56,386.2,374.0,0.0,192.8194670923925,385.97929031589484,374.0,0.0,208.12261518984346,358.0571799028611,374.0
000016,4,Car,47.221576636109894,0.0,0,-3,0.9752310914029001,0.00018037130539905882,4,ok,494.45,181.84,527.48,205.27,494.6974708050685,181.78934171892882,527.3061219977037,205.51166864492288,510.54406771186626,205.2459821694129,516.3605283191495,205.3755099480111
000016,5,Tram,90.98314239462165,0.0,2,-3,0.941131627814431,0.0,0,too_few_points,587.32,158.63,648.66,188.51,587.4756981077165,159.48128460575722,648.8090390166839,189.32574468416112,,,,
000019,0,Truck,6.5569352597078465,0.74,1,-3,0.9976527204689122,0.6739194526361191,5406,ok,0.0,0.0,424.74,374.0,0.0,0.0,425.73932921304083,374.0,0.0,100.55830371343485,391.50563547098875,374.0
000019,1,Car,10.25674899761128,0.0,0,-3,0.9758631367180104,0.7251440033408413,1103,ok,742.41,184.49,944.56,321.39,743.7322163121494,183.40463196053423,944.6047742712759,322.75830229298236,788.9509651778892,186.28316911607038,947.3831397808563,327.30348164824096
000019,2,Van,35.471560439315326,0.0,0,-3,0.9578886787066023,0.17372760893699155,12,ok,639.17,169.69,683.48,212.97,639.7595342347978,170.45102591526881,683.3328844464912,213.34653029045444,673.9601926625298,174.9014527552729,684.2878988221262,210.42205599210834
000019,3,Car,59.7673907745687,0.0,0,-3,0.9673706713528771,0.002289195478139203,5,ok,551.01,184.06,575.42,204.29,551.2956464910102,183.8666357348598,575.2628965325001,204.40528059745017,556.0394542603727,200.81785173925326,566.3285465244611,200.92771929934366
000021,0,Cyclist,4.499388847388055,0.89,0,-3,0.9609386273004766,0.9071772560219985,1680,ok,1056.16,190.5,1241.0,374.0,1061.6485899814204,188.65642136487105,1241.0,374.0,1066.6427101290253,197.5246418584519,1241.0,374.0
000021,1,Car,13.730833914952145,0.0,0,-3,0.9768652908104368,0.8344514409339174,513,ok,359.43,179.3,516.3,270.97,359.42946723924905,178.97950068867502,516.377331251277,272.7739287470463,365.4477638106593,182.7471841172544,507.0614100766727,275.14971063515316
000021,2,Car,17.852240755714675,0.0,1,-3,0.9556539485817545,0.2845233686840653,62,ok,444.13,163.92,559.2,247.04,445.3438813548979,165.33209387847134,558.9621845908925,248.35744891820576,517.5558511586452,167.3461047267264,556.26306442569,237.65231428437878
000021,3,Van,23.95364064187321,0.0,1,-3,0.9740971552771425,0.561774855096309,142,ok,870.59,115.22,1101.06,213.85,871.8653573460442,116.44459782312494,1100.7730465350082,213.1755201496682,916.3891787332835,140.39733302945766,1092.6376657631204,212.85099386328255
000021,4,Car,26.519609725635103,0.0,0,-3,0.966089712612265,0.7854192095904841,59,ok,724.49,171.09,790.5,215.13,724.7563002323275,171.9403467399762,790.556717720553,215.5795985395809,729.8146096424072,176.20972458289623,790.6045236838974,216.70962646576922
000021,5,Car,26.92237359520887,0.0,1,-3,0.9572550766705945,0.0,0,too_few_points,534.25,166.2,596.08,216.76,535.0111219799,167.0202108849874,595.915376385145,217.39233896850016,,,,
000021,6,Car,32.63841601548703,0.0,2,-3,0.960326484610934,0.6105940065333174,41,ok,709.81,162.43,765.7,205.68,710.2848767352785,163.1935186832409,765.5014543187472,206.14422748078974,710.8525236174822,177.98330143037776,764.3454839893731,205.57485315188597
000021,7,Car,31.832576081743685,0.0,2,-3,0.9754137973252115,0.0,0,too_few_points,562.02,166.42,605.57,206.89,562.3024472513196,166.8479980321676,605.6306380533558,207.15062963165815,,,,
000023,0,Truck,69.30794254629119,0.0,0,-3,0.9178828944414382,0.0,0,too_few_points,599.21,156.67,629.63,189.6,599.9569369496087,157.64681469393744,630.0198696423093,190.22487300273383,,,,
000023,1,Car,57.5697507376921,0.0,0,-3,0.9821580102147335,0.20007049665563145,18,ok,372.95,182.64,412.21,205.68,373.1396449843585,182.4820508295903,412.1340955212618,205.7836972103021,383.9816970588551,194.81641823255163,405.1116833390961,203.38120598857975
000023,2,Cyclist,45.014563199035926,0.0,3,-3,0.9779735140244343,0.0,0,too_few_points,677.94,164.64,690.85,195.36,678.1378184454799,164.7667944800857,690.8494130317056,195.4427587791681,,,,
000025,0,Car,4.311252718178325,0.94,3,-3,0.9856064839830768,0.8751147002475581,1562,ok,896.11,218.17,1241.0,374.0,898.5029003166934,216.98302958382394,1241.0,374.0,892.2479292454293,236.28129972647542,1241.0,374.0
000025,1,Car,10.775778394157891,0.0,0,-3,0.9742745637668554,0.6897896729961766,787,ok,351.84,183.19,537.77,308.64,351.7666609883152,182.21023161523294,538.1847944063541,310.63553951776197,372.2085874828315,190.87017314234603,509.9743259934505,310.0643938163128
000025,2,Car,30.240755612252812,0.0,0,-3,0.9669282727866185,0.6009964937614978,81,ok,562.48,173.46,618.49,217.36,562.8961453665445,173.96220737936218,618.3098523894125,217.8697250443342,567.4088566140707,179.82101387789675,609.5420622959623,214.8943863832115
000025,3,Car,17.940526748119744,0.0,0,-3,0.9751509760069702,0.8718720805975502,170,ok,724.21,178.91,805.39,249.94,725.107421124518,178.98822669072274,805.3517843060697,250.84158412620693,724.8798438445474,185.84702669300228,807.1804688415684,250.3954362295672
000025,4,Cyclist,44.75969392209916,0.0,3,-3,0.9524540462083634,0.0,0,too_few_points,650.19,175.43,659.99,205.2,650.5437383040933,175.55904926698628,659.9504092361298,205.3058116824079,,,,
000025,5,Car,22.771293331736782,0.0,1,-3,0.9728015225905532,0.8644911727188753,86,ok,720.81,187.01,779.98,236.22,721.1333059631885,186.67116853149815,780.0457783260022,236.9304858242921,722.2502473439071,188.72042638068916,777.8271082667275,234.0124248485316
000031,0,Car,12.73406847790603,0.0,0,-3,0.9764220979806445,0.8449307398385159,730,ok,334.28,180.65,490.02,297.48,335.7273438441271,179.98405255694783,490.0223086671438,298.5374760804724,336.06996445778407,184.47543954325903,475.2483626924751,300.49192678487066
000031,1,Car,9.180201522842514,0.0,0,-3,0.9908609426857024,0.7434557369906039,697,ok,785.85,179.67,1028.82,340.75,786.7491195548324,179.3046239343149,1028.728879630269,341.21114269259,836.9793988780478,181.22519651908328,1034.266073962138,346.6157530172665
000031,2,Car,13.55821522177606,0.0,1,-3,0.978203384985609,0.6405674077665354,523,ok,711.98,179.65,848.82,277.62,713.0546386126352,179.1224587910857,849.175673072752,278.2403169952203,752.2930378149996,186.23030289776955,851.0700553533636,279.2362336059469
000031,3,Truck,22.591451923238576,0.0,2,-3,0.9749500890581079,0.259871799678598,170,ok,445.91,131.69,539.77,228.36,446.41317124655757,132.98454455565914,539.7122187552809,228.93476767171188,482.0098732052889,146.8867585107244,530.9416964409035,195.07488307594062
000031,4,Car,26.60241154482052,0.0,0,-3,0.9753634061961808,0.204034937115594,43,ok,660.82,178.72,713.09,222.03,661.2641280806298,178.71072078852194,712.8565615531642,222.54589034184696,699.8265670583523,186.7161635176327,713.9640202546029,222.0952015585362
000031,5,Van,51.96460911043207,0.0,0,-3,0.9697643693994995,0.0,0,too_few_points,620.95,171.59,649.36,200.46,621.2906993658673,171.97754619301378,649.3347837026845,200.58379695868027,,,,
000032,0,Car,9.801535593977098,0.0,0,-3,0.9783876372773933,0.8980041775096136,904,ok,178.19,189.36,435.56,344.73,178.1443875527685,188.62503752445608,436.1907794226634,347.0108734139042,184.09920198345748,191.54071066518196,429.69893489994564,352.5025715631681
000032,1,Car,9.275570063343816,0.0,0,-3,0.9812337248216836,0.7537899445404461,839,ok,776.17,182.37,1014.36,335.44,777.6705926778095,182.02622179328785,1013.5778336703476,336.54253011711035,825.1183460402946,187.90270615188277,1015.4441192874908,337.6471234889147
000032,2,Van,14.905562720004903,0.0,1,-3,0.9758648795116649,0.47211891000806433,283,ok,340.65,150.97,489.14,274.11,341.12140444055734,152.555046472,489.5298290328204,274.81708714426026,397.29765623955296,155.9628756096592,479.94954978809574,260.40962891477795
000032,3,Car,13.898881249942386,0.0,1,-3,0.9742995924477093,0.6259093833934052,317,ok,711.6,180.21,863.08,273.6,712.314041241092,179.26942630684297,863.7530219875109,274.2565717864618,755.8359943261221,182.7736089056375,857.3525691314636,269.99643982434753
000032,4,Car,20.23326468961448,0.0,2,-3,0.9663012576153752,0.35601742883539506,57,ok,709.49,176.89,777.81,234.26,709.9161720281708,177.14060897060267,777.4996493515463,235.37615334215786,749.0972137707269,183.4882154113156,777.6712944812555,232.32327250999785
000032,5,Van,25.46885352739695,0.0,2,-3,0.977986335978767,0.2867329995075118,355,ok,119.13,141.28,368.15,230.69,119.5039409132526,142.97603150445732,368.1824370955335,230.56046849929453,249.69562809468545,147.63457666033756,351.0285773931646,210.63555861291974
000032,6,Car,25.887692056264886,0.0,2,-3,0.9632107856685036,0.09718737451723566,18,ok,725.15,164.18,806.31,219.41,725.8924318160255,164.95046522737965,806.3297583317685,220.19611296663183,773.7538712551063,171.16232323157502,792.7835054664631,194.0549955138771
000032,7,Van,44.74503994857977,0.0,0,-3,0.9657722335415692,0.0,0,too_few_points,611.72,163.22,643.8,197.13,612.1551095380427,163.6660026079232,643.7350290917562,197.3330109411708,,,,
000032,8,Van,41.11421165485239,0.0,2,-3,0.9690058707868661,0.020004163082906735,13,ok,780.93,147.56,917.34,199.48,781.5408337122395,148.52853011153715,917.339598877495,199.06576546674543,828.4135993750695,151.7857871622743,834.7899246885504,174.00510968473333
000032,9,Car,45.17375676208478,0.0,0,-3,0.9628772902070948,0.0,0,too_few_points,494.77,173.81,531.54,199.22,494.85283211104957,174.22767368896297,531.7657899049505,199.55264662467962,,,,
000043,0,Pedestrian,12.847509486277875,0.0,0,-3,0.7353322072101504,0.7208490861754038,177,ok,471.56,174.73,502.47,266.4,466.10431265793187,175.05310837460217,507.9994355769062,266.30890104709573,467.6548336870696,176.01689964110363,508.6380609478474,262.38689338399877
000043,1,Pedestrian,12.72912015812562,0.0,0,-3,0.9070836411582872,0.07834889314508003,32,ok,441.08,170.15,473.22,268.12,438.92218850599966,170.39824758857097,472.34124713064364,268.36565229836106,436.0009049991097,259.6135755339602,475.1735306669108,267.42330422139435
000043,2,Pedestrian,20.711064675675175,0.0,0,-3,0.8114317456189969,0.0014875632755452551,11,ok,684.72,161.94,711.08,230.1,680.174033267347,162.01147378875106,712.5665043723657,230.23798851294126,682.8702514177586,229.02315654706686,704.9788226753757,229.1551022417407
000043,3,Pedestrian,20.62876632278334,0.0,0,-3,0.7393544676214817,0.8217972393962327,91,ok,719.54,160.0,745.42,229.67,712.4257147206886,160.10491809788257,747.366846520692,229.6074026886894,717.8608606965183,166.72378267420964,746.2917664989818,229.02490089634037
000048,0,Pedestrian,16.9372843159699,0.0,0,-3,0.7428340489657085,0.0,0,too_few_points,659.64,160.9,687.89,236.97,650.5185844788841,160.81018381370345,687.488454828534,236.77048279270358,,,,
000048,1,Pedestrian,17.211362525959416,0.0,0,-3,0.7343542011568722,0.6245137108712376,110,ok,680.59,157.38,711.83,236.18,672.9630173041974,157.5730134965672,715.4119078679048,236.14191244356445,671.5295790036511,167.79848541868355,716.1898556627199,235.05351703539648
000048,2,Pedestrian,16.627450195384743,0.0,0,-3,0.6113620247382592,0.34054937945010794,51,ok,453.2,159.81,482.53,241.31,436.0897053007659,159.9945358993101,483.9688648668152,241.22950966182626,435.3605229204827,202.567270686241,480.7956425652579,242.58398610446153
000048,3,Cyclist,30.4403301558968,0.0,0,-3,0.9556405768602276,0.0,0,too_few_points,600.22,162.56,622.05,206.65,600.9738827243284,162.50318019636518,621.9184216677165,206.52977705871808,,,,
000049,0,Car,21.60752415247985,0.0,0,-3,0.9718225938597228,0.6271013757056908,101,ok,595.5,177.15,657.31,227.34,596.1267011954695,177.49598708230516,657.5340999804151,227.74107719295873,612.1320356788351,180.38848680404465,659.1214918684784,224.56047058017572
000049,1,Car,14.431735862327859,0.0,0,-3,0.9702037568702869,0.9345095193016073,768,ok,305.23,179.59,494.97,263.68,305.9072734279399,179.8485057165719,494.5352492375484,265.50033225883084,312.27533272640846,178.06788693995304,494.2116440092601,264.4440953453088
000049,2,Car,22.3452746682604,0.0,2,-3,0.971827383677246,0.03593534555118556,17,ok,410.09,176.18,514.77,228.78,410.71263166178136,176.5177405326309,514.8405375444082,229.60658515330098,487.91292241096806,177.67177285907442,507.31473522825627,187.870100799161
000049,3,Car,25.244710337019118,0.0,2,-3,0.9655017273894114,0.0024559486546664004,12,ok,435.96,173.6,537.84,218.33,436.1481361523229,174.20161855068497,538.1202209207707,219.09865847376818,510.00097522747325,174.0568769948295,536.7566008143261,174.47518098524228
000049,4,Car,32.80861624634602,0.0,2,-3,0.9576592442823294,0.0,0,too_few_points,473.64,171.53,556.16,203.86,473.9956656357029,172.1371539478265,556.2318639348146,204.4871588282381,,,,
000049,5,Van,45.87890582827799,0.0,3,-3,0.9643710323511584,0.0,1,too_few_points,515.19,156.84,585.71,193.55,515.5508569734449,157.38830591515645,585.753745269618,194.12597743926378,,,,
000049,6,Pedestrian,5.707845477936487,0.29,3,-3,0.7278903057181423,0.6611022960735996,1014,ok,984.43,188.05,1128.77,374.0,951.8577245893068,188.37690056476015,1149.9026379023128,374.0,950.698176721086,199.6269080979525,1159.447536502334,374.0
000049,7,Car,10.530056979902815,0.0,1,-3,0.9821619268017031,0.912776889390655,668,ok,823.97,189.33,1083.14,327.79,824.9892559490418,188.66136840812115,1082.9232100789143,328.97257126371,823.7762453572932,191.42364438364723,1074.283747738942,333.71830675063444
000049,8,Car,15.530991597447988,0.0,1,-3,0.9808795133183608,0.8816214600305674,410,ok,753.34,185.35,885.42,263.59,753.9829653628616,184.85113157996162,885.1799551303761,264.08969234252936,760.114929283051,187.90319277918624,881.9535459750417,262.67934185844615
000049,9,Car,20.710943966898274,0.0,2,-3,0.9693536791289407,0.7952998105097567,210,ok,719.83,169.31,816.44,238.11,720.4623798599148,170.46434323421525,816.5518670739141,238.561606198555,722.9067719558469,168.49330076726923,801.5375265482743,237.18732948606097
000049,10,Pedestrian,32.830986887390395,0.0,0,-3,0.7023424674735368,0.00145538740981366,6,ok,693.57,173.32,709.9,209.83,687.2543649315686,173.4991322090187,710.3931798026124,209.87935576503313,698.9375581904008,205.85359771714658,709.3951081421994,205.93657260681442
000049,11,Car,33.28710561163286,0.0,2,-3,0.9733507704553465,0.0,0,too_few_points,776.77,170.97,882.28,211.7,777.2036994081187,171.673094172071,882.1292043899753,211.53851399921675,,,,
000049,12,Car,14.50226189254628,0.07,3,-3,0.9812738323888572,0.46473087248340544,136,ok,0.0,178.64,252.92,280.6,0.0,178.47552336549273,252.87598082667043,282.36353137850654,89.24678278086634,180.35216584643243,213.1738831635459,277.05701139748294
000049,13,Car,19.08105080963834,0.0,1,-3,0.9775133658087097,0.3431307877121351,43,ok,194.14,174.89,341.99,241.74,194.82313020541372,175.1222260726661,341.91417714994725,242.6953142241801,274.7886874809719,178.2156059192833,332.82838114551157,236.64848916457493
000049,14,Car,35.70534273746718,0.0,2,-3,0.9709378648491018,0.10528075218365769,18,ok,603.49,171.71,639.3,204.36,603.5915994658061,172.2067624751913,639.1704078604587,204.6134888248586,603.9648387143844,198.2545689322572,631.3366515197235,202.75167286344035
000049,15,Car,23.25483390609359,0.0,2,-3,0.9771454613185871,0.03447254603888831,5,ok,287.85,175.62,379.41,228.84,287.93333708106087,176.22506147090235,379.52010940175455,229.3531197010136,356.5741426307712,174.98864152300632,374.4836185050691,185.021079891039
000049,16,Van,35.61556120574264,0.0,3,-3,0.9744531218365056,0.14377665396546502,40,ok,881.73,155.07,1040.99,215.24,882.4211546924689,155.93761639079634,1040.8428904698314,214.88070739981723,908.7626577023457,158.16246707704838,945.2470508586641,195.92559572808872
000049,17,Car,22.431596019900145,0.38,3,-3,0.9681054333598386,0.09958518387591085,19,ok,0.0,170.48,111.64,240.66,0.0,171.4587793236274,111.34649144536374,241.77608472684753,32.07709081395108,182.12731574575062,95.42507147358945,194.44403793666987
000061,0,Van,18.858870591846163,0.05,3,-3,0.9699866414435606,0.8575559187474358,560,ok,1054.28,105.67,1241.0,249.94,1056.2277180576414,106.82392060334384,1241.0,251.69360565656783,1056.389667936528,124.09640692485816,1241.0,249.22982732602338
000061,1,Car,14.805975145190539,0.79,3,-3,0.8720608278787242,0.8461640287667944,489,ok,0.0,212.28,41.28,328.12,0.0,210.8663552191857,41.35643887064087,343.45560804505067,0.0,213.90580867237068,38.33302600393166,338.35321304231894
000061,2,Car,41.06383688843506,0.0,2,-3,0.9727477298770077,0.0,0,too_few_points,69.7,217.73,112.22,254.15,69.72294373408414,217.24038583229748,112.252329666391,254.63261097582128,,,,
000061,3,Car,21.305694074589542,0.14,1,-3,0.9591071115636739,0.20648858637520126,11,ok,0.0,218.4,93.89,297.9,0.0,217.75544346188354,93.31368713454773,300.15404000262527,9.276676011671636,222.91391490924835,94.39523116320792,241.15201347927984
000061,4,Misc,37.18469308734442,0.0,3,-3,0.9502838542374648,0.4216595567247517,27,ok,879.45,149.53,932.13,173.41,879.827447576867,150.16614786495748,932.2348401781705,173.06631255403633,904.6283596317601,153.0489509916226,933.3218106127855,172.69579135858137
000061,5,Van,43.67330763750325,0.0,3,-3,0.9667914579886671,0.0007306748020756078,6,ok,884.04,123.51,923.63,169.76,884.5420967539615,123.89551783064833,923.5194726804868,169.31241345732965,912.2566572808229,164.1663453607399,924.2662541685418,164.28398427180323
000001,0,Truck,69.45757410102946,0.0,0,-2,0.9378628164093085,0.14809800656511837,15,ok,599.41,156.4,629.75,189.25,599.8492375499051,157.33761579381633,629.8411848342162,189.84501263771423,624.1792894124574,160.5056851743723,630.1366318923685,187.27742712328444
000001,1,Car,60.827897382697685,0.0,0,-2,0.9805792155970717,0.09172724710758456,10,ok,387.63,181.54,423.81,203.12,387.8809817461105,181.4595996302404,423.7698102507707,203.2919188152593,390.82312200330784,194.98112762579942,408.6899293871698,198.98953089074382
000001,2,Cyclist,46.08813404771341,0.0,3,-2,0.9599369505629226,0.08225722814220576,3,ok,676.6,163.95,688.98,193.93,676.8632776535213,164.15631778742335,688.89370790702,194.0951566616923,682.3597604498793,185.46255582977759,685.977396033693,194.273305440977
000004,0,Car,41.416147817004905,0.0,0,-2,0.9800793602166951,0.4590870229819328,26,ok,280.38,185.1,344.9,215.59,280.6308266234518,184.85277444681324,344.8763067784587,215.83221683311902,287.367001377155,194.5775792443987,334.2256159020432,213.8509358140497
000004,1,Car,53.62680206762287,0.0,0,-2,0.9796579429978688,0.2335602207586363,11,ok,365.14,184.54,406.11,205.2,365.345850196183,184.445901205217,406.0129449490881,205.38101053632593,373.75515849860824,194.5535423715881,396.2556669122105,203.3397776128981
000007,0,Car,25.076528866651383,0.0,0,-2,0.9667119802019462,0.8528492612473954,131,ok,564.62,174.59,616.43,224.74,565.4822674388488,175.0120260902123,616.6555064316764,224.96047078357958,566.0153539057799,177.6664696033434,618.1431451532166,222.93248299841562
000007,1,Car,48.163697947728224,0.0,0,-2,0.9719531768004971,0.0793006031261082,7,ok,481.59,180.09,512.55,202.42,481.8496676318343,179.85710648600008,512.4094386793754,202.53901726391695,490.7398285922944,196.78518456661752,503.9884406652805,200.92323502060117
000007,2,Car,60.72708292022597,0.0,0,-2,0.9732200547497134,0.0,0,too_few_points,542.05,175.55,565.27,193.79,542.2247136363295,175.73341160107591,565.2443510290931,193.94468803128316,,,,
000007,3,Cyclist,36.40301361151299,0.0,0,-2,0.9790535391453362,0.0,0,too_few_points,330.6,176.09,355.61,213.6,330.8419174965761,176.13804376450176,355.49785328558744,213.8147887154328,,,,
000008,0,Car,4.884669896727925,0.88,3,-2,0.993376964810551,0.9801591761782954,5580,ok,0.0,192.37,402.31,374.0,0.0,191.3346280888893,402.6967273731604,374.0,0.0,192.73788251740137,409.6372276788968,374.0
000008,1,Car,8.11609512019173,0.0,1,-2,0.985383797759683,0.7829143302152428,1245,ok,334.85,178.94,624.5,372.04,335.783058370862,178.69011549395384,624.5448197689615,374.0,385.13746482864735,180.54056839303158,616.9330286716112,369.45490992194095
000008,2,Car,7.418099487065404,0.34,3,-2,0.9865460364055325,0.7620004358154808,1091,ok,937.29,197.39,1241.0,374.0,938.8093144611796,195.86942796206094,1241.0,374.0,983.4985445661691,215.27332674796938,1241.0,374.0
000008,3,Car,14.56231437649936,0.0,1,-2,0.9740017462085421,0.5312689265204337,440,ok,597.59,176.18,720.9,261.14,598.0678967121008,176.35120042473784,721.2785777077737,262.63551523939844,630.0474227774739,180.6024671531552,700.5908342670841,259.5013326120722
000008,4,Car,34.01558613341831,0.0,0,-2,0.9648126354806893,0.6046144503054353,34,ok,741.18,168.83,792.25,208.43,741.6706475479675,169.3550315585611,792.2887502422866,208.91560853095123,750.6908665354924,170.14031690984413,785.0525945763726,205.72512025961723
000008,5,Car,21.75717123157328,0.0,0,-2,0.9711096331637186,0.8930843772368886,124,ok,884.52,178.31,956.41,240.18,885.375574880649,178.2402751822824,956.1167360780912,240.94612760947086,884.9430733843171,182.9491927310889,958.1061336708187,240.65636242270034
000009,0,Car,23.954999478188263,0.0,0,-2,0.9691905624919593,0.7859271937109601,145,ok,601.96,177.01,659.15,229.51,602.7258950069524,177.07969187873167,658.7444162269289,230.0091082194858,605.7680310510739,181.2351032817028,658.5668754427999,225.92787597630937
000009,1,Car,66.39593436348343,0.0,2,-2,0.9804577106969352,0.0,1,too_few_points,600.14,177.09,624.65,193.31,600.2515775209974,177.0745874239214,624.7781213729945,193.45767373211066,,,,
000009,2,Car,68.31325054482475,0.0,0,-2,0.9765780955208441,0.0,0,too_few_points,574.98,178.64,598.45,194.01,575.140095178741,178.51572420211681,598.421445697845,194.12980928858352,,,,
000010,0,Car,7.027616950289763,0.8,0,-2,0.984911449570525,0.8828730372635784,1888,ok,1013.39,182.46,1241.0,374.0,1015.2264077150546,181.08362111125447,1241.0,374.0,1012.9681264789393,204.61732081020975,1241.0,374.0
000010,1,Car,12.153505667090464,0.0,0,-2,0.9730093784212728,0.806168653897026,642,ok,354.43,185.52,549.52,294.49,354.97416944722585,184.7725046188561,549.8571160610747,296.2672535655886,369.2922486864392,189.4329473787487,535.7981714806501,297.12958582144176
000010,2,Pedestrian,24.990228090195576,0.0,2,-2,0.6918638501905229,0.0,0,too_few_points,859.54,159.8,879.68,221.4,852.9154293879426,159.93130560447275,881.862470097748,221.65420490634102,,,,
000010,3,Car,17.58300600011272,0.0,0,-2,0.9665345171068871,0.849083917168711,312,ok,819.63,178.12,926.85,251.56,820.6326146444272,177.98991240160436,926.213586761583,252.83263871366248,824.2517097743586,184.74688308015678,928.3303409235742,252.52234742381071
000010,4,Car,23.152187801587996,0.0,2,-2,0.9658414616932302,0.4733933544020315,48,ok,800.54,178.06,878.75,230.56,801.4463740562173,177.90660108762395,878.7624069725051,231.63916915829682,833.571097714562,183.99506788882314,875.9230160787479,229.89062641569055
000010,5,Car,23.708471059939736,0.0,0,-2,0.9736929947835116,0.7805613080488867,139,ok,558.55,179.04,635.05,230.61,559.1191610178486,179.02753331906058,635.0644622466402,231.59426962806828,562.6085030259965,181.95827581963616,626.423213529982,230.21354948412892
000010,6,Car,29.129059373759393,0.0,2,-2,0.9701812852632052,0.0,2,too_few_points,598.3,178.68,652.25,218.17,598.9414033395154,178.68843734408998,652.2220242444396,218.87891260401935,,,,
000010,7,Car,29.64992074188395,0.0,1,-2,0.9695534897583151,0.8253400782567896,51,ok,784.59,178.04,839.98,220.1,785.0678221749215,177.99508638777752,840.0357589581953,220.96625830925603,786.6592003582159,181.20164702002742,839.1820764166027,217.81041125322818
000010,8,Car,43.12322460113576,0.0,1,-2,0.9731961226235505,0.0,1,too_few_points,663.74,175.36,707.21,204.15,664.2152127096258,175.4288940904289,707.2008538336105,204.5477423570668,,,,
000011,0,Pedestrian,13.487212462180612,0.0,1,-2,0.7617231065164821,0.737702195095955,136,ok,883.68,144.15,937.35,259.01,872.3139701353475,144.4122272280948,942.4710022834482,259.3021124565615,876.6586156067623,152.14033953354073,945.2581142939214,259.22916818482616
000011,1,Pedestrian,14.559921016269284,0.0,2,-2,0.9708695625871554,0.39923496678721426,24,ok,873.7,152.1,933.44,256.07,874.9735414851298,152.23039459628572,933.2053602827806,256.3624767733045,876.5118392148199,207.25678092617872,934.0518159416803,251.00315798166937
000011,2,Car,27.157706088696077,0.0,0,-2,0.9622486896042994,0.8203194688447242,102,ok,444.29,171.04,504.95,225.82,445.02358593009217,171.9676073863049,504.8867768841907,226.27600114783556,446.4183785210317,175.22826950241804,500.43747272442766,225.68976939849847
000011,3,Pedestrian,34.1870048410211,0.0,0,-2,0.6641050054820695,0.0,0,too_few_points,649.28,168.1,664.61,206.4,645.966167796266,168.34718204537592,668.9003652613195,206.4828304989361,,,,
000011,4,Car,6.8332861786990895,0.98,0,-2,0.982799839978754,0.8114568822696779,2123,ok,0.0,217.12,85.92,374.0,0.0,214.96720042586304,85.59656521482813,374.0,0.0,234.9903319527125,94.83821861632039,374.0
000011,5,Pedestrian,17.91347258350541,0.0,0,-2,0.7876745079392184,0.4581875312615714,22,ok,240.35,190.31,268.02,261.61,236.3630222171076,190.70010149639117,271.28204395022004,261.7267221369062,234.17420855840695,218.37843620963037,265.91549779025553,258.1370465642653
000012,0,Car,59.13815773255031,0.0,0,-2,0.9702557474704571,0.0,2,too_few_points,662.2,185.85,690.21,205.03,662.4127626428843,185.68958356531368,690.1349186753105,205.2584181947708,,,,
000012,1,Van,66.37461035667177,0.0,0,-2,0.9726182775303641,0.0,0,too_few_points,448.07,177.14,481.6,206.41,448.50409396229236,177.2017166271295,481.48319608898134,206.68163281568044,,,,
000015,0,Car,5.221350400040204,0.89,0,-2,0.9912411296450793,0.9204605584897116,5044,ok,0.0,194.7,414.71,373.0,0.0,196.22647532011217,414.79338274711637,373.0,0.0,206.65674046541525,420.7368702131771,373.0
000015,1,Pedestrian,9.052043968077044,0.0,1,-2,0.572380053604775,0.4599817351330369,379,ok,1021.76,133.28,1101.39,316.63,987.8187161307981,132.6542849670998,1126.330933889528,316.3193805641278,1049.8355873222808,154.4570682232599,1122.0638461891979,314.18678033934503
000015,2,Pedestrian,24.305951945974055,0.0,0,-2,0.5880880804465123,0.0,13,ok,672.23,171.73,690.13,224.33,662.7646074562543,171.758261147998,688.3457420920323,224.2461682919993,662.6771107046325,224.41612383417814,687.9991942533786,224.51618473367327
000015,3,Pedestrian,24.483839568172307,0.0,0,-2,0.7118486738615575,0.63973924323504,73,ok,692.68,169.14,712.48,224.03,686.4648321534155,169.0405645070376,714.1820223689004,223.89896771779314,686.8498860473386,176.025741064326,714.7315628123913,224.42309666881707
000015,4,Pedestrian,23.408197282148834,0.0,0,-2,0.729137193930143,0.3524236933085576,35,ok,537.84,168.08,560.9,224.34,530.9373733624349,168.22327607201495,562.5026878563468,224.34396515400263,532.8066901791263,187.25910274986745,552.7041379371857,222.18722052801988
000016,0,Car,44.631107985350305,0.0,2,-2,0.9792166491764549,0.35435781921427956,11,ok,661.23,174.85,694.38,197.63,661.3091206048756,175.0096492086401,694.4038212475683,197.87948218760903,665.3539107321856,185.07725362082658,687.1244786674581,198.36686925104283
000016,1,Truck,28.136895706527397,0.0,2,-2,0.9573142425561406,0.47859337077225395,397,ok,125.12,91.71,474.04,253.26,126.11973549516009,94.7550443077408,473.48420706449025,256.5591101915768,166.72480309221004,145.6298417739835,473.0870749332763,233.68691030595105
000016,2,Car,33.47478752733168,0.0,0,-2,0.9602189787890513,0.33322056529797733,26,ok,684.49,172.19,733.85,205.26,684.9527530538684,172.6122524346565,733.6702373170714,205.7541675881495,703.4792298385788,183.09860582066187,728.2264841468343,205.80642721244763
000016,3,Car,7.270508923039706,0.5,0,-2,0.9953459048459267,0.9069425306667005,1687,ok,0.0,193.56,386.2,374.0,0.0,192.8194670923925,385.97929031589484,374.0,0.0,208.54365560235965,390.8522132847556,374.0
000016,4,Car,47.221576636109894,0.0,0,-2,0.9752310914029001,0.00036289326054196293,7,ok,494.45,181.84,527.48,205.27,494.6974708050685,181.78934171892882,527.3061219977037,205.51166864492288,497.59982183197394,205.25135397549099,512.751185400729,205.57412495214214
000016,5,Tram,90.98314239462165,0.0,2,-2,0.941131627814431,0.0,0,too_few_points,587.32,158.63,648.66,188.51,587.4756981077165,159.48128460575722,648.8090390166839,189.32574468416112,,,,
000019,0,Truck,6.5569352597078465,0.74,1,-2,0.9976527204689122,0.71608481522141,6220,ok,0.0,0.0,424.74,374.0,0.0,0.0,425.73932921304083,374.0,0.0,99.22389144690868,413.9808584196184,374.0
000019,1,Car,10.25674899761128,0.0,0,-2,0.9758631367180104,0.7806826313762043,1194,ok,742.41,184.49,944.56,321.39,743.7322163121494,183.40463196053423,944.6047742712759,322.75830229298236,779.1219900425593,186.35344795512387,944.8724456769035,326.81794177107446
000019,2,Van,35.471560439315326,0.0,0,-2,0.9578886787066023,0.41072435804418095,49,ok,639.17,169.69,683.48,212.97,639.7595342347978,170.45102591526881,683.3328844464912,213.34653029045444,661.1927687584068,174.73247431483338,683.1913316734388,210.53759572753634
000019,3,Car,59.7673907745687,0.0,0,-2,0.9673706713528771,0.0,0,too_few_points,551.01,184.06,575.42,204.29,551.2956464910102,183.8666357348598,575.2628965325001,204.40528059745017,,,,
000021,0,Cyclist,4.499388847388055,0.89,0,-2,0.9609386273004766,0.9428081903198351,1732,ok,1056.16,190.5,1241.0,374.0,1061.6485899814204,188.65642136487105,1241.0,374.0,1059.9288181560246,197.39376223893146,1241.0,374.0
000021,1,Car,13.730833914952145,0.0,0,-2,0.9768652908104368,0.891644542596782,570,ok,359.43,179.3,516.3,270.97,359.42946723924905,178.97950068867502,516.377331251277,272.7739287470463,358.8382923669855,182.8900941940735,512.8310675623014,275.6528657817225
000021,2,Car,17.852240755714675,0.0,1,-2,0.9556539485817545,0.3461700283756155,89,ok,444.13,163.92,559.2,247.04,445.3438813548979,165.33209387847134,558.9621845908925,248.35744891820576,504.5315177664885,167.42316042874512,548.9922958237257,241.89293733340233
000021,3,Van,23.95364064187321,0.0,1,-2,0.9740971552771425,0.6238019690489692,185,ok,870.59,115.22,1101.06,213.85,871.8653573460442,116.44459782312494,1100.7730465350082,213.1755201496682,905.4937334386786,139.56913023798026,1099.2269631466145,212.7615419657632
000021,4,Car,26.519609725635103,0.0,0,-2,0.966089712612265,0.4309298656756255,93,ok,724.49,171.09,790.5,215.13,724.7563002323275,171.9403467399762,790.556717720553,215.5795985395809,756.1214248890898,176.22981386912915,791.8513658905516,213.29749041763063
000021,5,Car,26.92237359520887,0.0,1,-2,0.9572550766705945,0.250336886948265,42,ok,534.25,166.2,596.08,216.76,535.0111219799,167.0202108849874,595.915376385145,217.39233896850016,575.6216758996226,170.88896284560337,592.8045606035033,218.06474930967698
000021,6,Car,32.63841601548703,0.0,2,-2,0.960326484610934,0.9204016715276349,50,ok,709.81,162.43,765.7,205.68,710.2848767352785,163.1935186832409,765.5014543187472,206.14422748078974,710.7192251178226,164.51372858156347,764.854470062161,205.6114282368473
000021,7,Car,31.832576081743685,0.0,2,-2,0.9754137973252115,0.0,0,too_few_points,562.02,166.42,605.57,206.89,562.3024472513196,166.8479980321676,605.6306380533558,207.15062963165815,,,,
000023,0,Truck,69.30794254629119,0.0,0,-2,0.9178828944414382,0.14560959915553076,16,ok,599.21,156.67,629.63,189.6,599.9569369496087,157.64681469393744,630.0198696423093,190.22487300273383,624.0689721425858,160.5127222475713,629.5176442133841,187.28283966931224
000023,1,Car,57.5697507376921,0.0,0,-2,0.9821580102147335,0.1869046214663236,18,ok,372.95,182.64,412.21,205.68,373.1396449843585,182.4820508295903,412.1340955212618,205.7836972103021,377.57963699962113,195.02470390468358,397.56173349275065,203.4855103154294
000023,2,Cyclist,45.014563199035926,0.0,3,-2,0.9779735140244343,0.12894953801852663,6,ok,677.94,164.64,690.85,195.36,678.1378184454799,164.7667944800857,690.8494130317056,195.4427587791681,682.5180618036181,185.2907467092677,688.1963040973844,194.2971901075194
000025,0,Car,4.311252718178325,0.94,3,-2,0.9856064839830768,0.879867028290972,1677,ok,896.11,218.17,1241.0,374.0,898.5029003166934,216.98302958382394,1241.0,374.0,892.1087409443393,235.47629558965298,1241.0,374.0
000025,1,Car,10.775778394157891,0.0,0,-2,0.9742745637668554,0.7903328562981593,875,ok,351.84,183.19,537.77,308.64,351.7666609883152,182.21023161523294,538.1847944063541,310.63553951776197,358.4376861638494,191.04410420144856,516.9683243973576,310.30094403358635
000025,2,Car,30.240755612252812,0.0,0,-2,0.9669282727866185,0.5051702441740061,44,ok,562.48,173.46,618.49,217.36,562.8961453665445,173.96220737936218,618.3098523894125,217.8697250443342,571.6320805217032,184.04640684206151,611.6874789921998,215.0567661305724
000025,3,Car,17.940526748119744,0.0,0,-2,0.9751509760069702,0.8557425373434836,227,ok,724.21,178.91,805.39,249.94,725.107421124518,178.98822669072274,805.3517843060697,250.84158412620693,726.3482086674175,185.90995204432565,807.4581063874354,250.13213092066107
000025,4,Cyclist,44.75969392209916,0.0,3,-2,0.9524540462083634,0.0003986506161982535,3,ok,650.19,175.43,659.99,205.2,650.5437383040933,175.55904926698628,659.9504092361298,205.3058116824079,654.8489900250979,203.44348705669628,658.2892692460982,203.4772938250433
000025,5,Car,22.771293331736782,0.0,1,-2,0.9728015225905532,0.6736747524703225,75,ok,720.81,187.01,779.98,236.22,721.1333059631885,186.67116853149815,780.0457783260022,236.9304858242921,722.0859304565682,188.8228877839635,764.448397351688,237.8417480650546
000031,0,Car,12.73406847790603,0.0,0,-2,0.9764220979806445,0.9137581649981629,847,ok,334.28,180.65,490.02,297.48,335.7273438441271,179.98405255694783,490.0223086671438,298.5374760804724,335.88916857529716,184.62638597163547,487.970583877754,301.3443533545327
000031,1,Car,9.180201522842514,0.0,0,-2,0.9908609426857024,0.799403731939778,896,ok,785.85,179.67,1028.82,340.75,786.7491195548324,179.3046239343149,1028.728879630269,341.21114269259,822.878216242169,181.35563455106214,1033.7170318403244,346.1801613132328
000031,2,Car,13.55821522177606,0.0,1,-2,0.978203384985609,0.7144233791884984,577,ok,711.98,179.65,848.82,277.62,713.0546386126352,179.1224587910857,849.175673072752,278.2403169952203,739.0223856963472,186.26010259773597,844.8885410132644,278.8655871006757
000031,3,Truck,22.591451923238576,0.0,2,-2,0.9749500890581079,0.4813785598580131,211,ok,445.91,131.69,539.77,228.36,446.41317124655757,132.98454455565914,539.7122187552809,228.93476767171188,468.8113175695839,146.94199617572409,531.1462899249824,217.01120932629172
000031,4,Car,26.60241154482052,0.0,0,-2,0.9753634061961808,0.454354106565899,86,ok,660.82,178.72,713.09,222.03,661.2641280806298,178.71072078852194,712.8565615531642,222.54589034184696,686.9375721047758,181.94098979535212,714.0505508039186,222.22123818977937
000031,5,Van,51.96460911043207,0.0,0,-2,0.9697643693994995,0.0,0,too_few_points,620.95,171.59,649.36,200.46,621.2906993658673,171.97754619301378,649.3347837026845,200.58379695868027,,,,
000032,0,Car,9.801535593977098,0.0,0,-2,0.9783876372773933,0.9103219661340883,1013,ok,178.19,189.36,435.56,344.73,178.1443875527685,188.62503752445608,436.1907794226634,347.0108734139042,182.41273218224165,191.74025738687752,429.8412118737477,351.1784661084084
000032,1,Car,9.275570063343816,0.0,0,-2,0.9812337248216836,0.7725693079082431,1154,ok,776.17,182.37,1014.36,335.44,777.6705926778095,182.02622179328785,1013.5778336703476,336.54253011711035,811.1455975017536,187.97638959932505,1020.3427529257223,342.3541528905299
000032,2,Van,14.905562720004903,0.0,1,-2,0.9758648795116649,0.5752081738172407,397,ok,340.65,150.97,489.14,274.11,341.12140444055734,152.555046472,489.5298290328204,274.81708714426026,383.26298095101373,156.00012100529852,483.58790131376804,260.8366374701742
000032,3,Car,13.898881249942386,0.0,1,-2,0.9742995924477093,0.7195051378053656,404,ok,711.6,180.21,863.08,273.6,712.314041241092,179.26942630684297,863.7530219875109,274.2565717864618,742.5357765641935,181.48033928491756,857.8553427496579,269.7449421200479
000032,4,Car,20.23326468961448,0.0,2,-2,0.9663012576153752,0.5181921390004177,65,ok,709.49,176.89,777.81,234.26,709.9161720281708,177.14060897060267,777.4996493515463,235.37615334215786,735.9134308480863,183.4812308159241,777.5254353438431,232.29079065711363
000032,5,Van,25.46885352739695,0.0,2,-2,0.977986335978767,0.3651734739570181,428,ok,119.13,141.28,368.15,230.69,119.5039409132526,142.97603150445732,368.1824370955335,230.56046849929453,233.6602723476201,147.4770723493397,361.62309166217204,211.01539514557143
000032,6,Car,25.887692056264886,0.0,2,-2,0.9632107856685036,0.17164357891795742,30,ok,725.15,164.18,806.31,219.41,725.8924318160255,164.95046522737965,806.3297583317685,220.19611296663183,760.4212958139707,167.67308106123906,789.4947590598297,194.13661715346947
000032,7,Van,44.74503994857977,0.0,0,-2,0.9657722335415692,0.0863919009755671,8,ok,611.72,163.22,643.8,197.13,612.1551095380427,163.6660026079232,643.7350290917562,197.3330109411708,640.2081086040279,167.95763818917487,644.2193320690275,194.38868743436288
000032,8,Van,41.11421165485239,0.0,2,-2,0.9690058707868661,0.027561635627655807,17,ok,780.93,147.56,917.34,199.48,781.5408337122395,148.52853011153715,917.339598877495,199.06576546674543,814.6548660331106,151.99196777515198,823.4559513164336,174.17136046697962
000032,9,Car,45.17375676208478,0.0,0,-2,0.9628772902070948,0.012744214982055638,3,ok,494.77,173.81,531.54,199.22,494.85283211104957,174.22767368896297,531.7657899049505,199.55264662467962,522.5236069666814,186.86049020777264,524.842273153321,191.99587694548873
000043,0,Pedestrian,12.847509486277875,0.0,0,-2,0.7353322072101504,0.7061983783064256,222,ok,471.56,174.73,502.47,266.4,466.10431265793187,175.05310837460217,507.9994355769062,266.30890104709573,467.5234034841283,176.02915812777732,510.760083221365,266.14554354209963
000043,1,Pedestrian,12.72912015812562,0.0,0,-2,0.9070836411582872,0.7512763151267208,60,ok,441.08,170.15,473.22,268.12,438.92218850599966,170.39824758857097,472.34124713064364,268.36565229836106,438.3585399799822,185.51294292983104,475.0623751440787,267.9050937163869
000043,2,Pedestrian,20.711064675675175,0.0,0,-2,0.8114317456189969,0.001591759174604056,13,ok,684.72,161.94,711.08,230.1,680.174033267347,162.01147378875106,712.5665043723657,230.23798851294126,678.0854477808077,229.02179309726225,704.8496577030809,229.1639421149576
000043,3,Pedestrian,20.62876632278334,0.0,0,-2,0.7393544676214817,0.6498828350315389,87,ok,719.54,160.0,745.42,229.67,712.4257147206886,160.10491809788257,747.366846520692,229.6074026886894,712.3890778545604,166.89739557771108,749.0650392122403,229.01488475756847
000048,0,Pedestrian,16.9372843159699,0.0,0,-2,0.7428340489657085,0.0414903758225119,15,ok,659.64,160.9,687.89,236.97,650.5185844788841,160.81018381370345,687.488454828534,236.77048279270358,683.7609145106443,182.2754539679786,688.4763717931328,203.99705418796856
000048,1,Pedestrian,17.211362525959416,0.0,0,-2,0.7343542011568722,0.6352177575829538,145,ok,680.59,157.38,711.83,236.18,672.9630173041974,157.5730134965672,715.4119078679048,236.14191244356445,671.4383615244186,167.8997828920417,715.2065365128631,235.06459622551426
000048,2,Pedestrian,16.627450195384743,0.0,0,-2,0.6113620247382592,0.5676386377309935,54,ok,453.2,159.81,482.53,241.31,436.0897053007659,159.9945358993101,483.9688648668152,241.22950966182626,437.4034309738727,170.00794015814353,484.09049992305404,242.51379542375702
000048,3,Cyclist,30.4403301558968,0.0,0,-2,0.9556405768602276,0.0,0,too_few_points,600.22,162.56,622.05,206.65,600.9738827243284,162.50318019636518,621.9184216677165,206.52977705871808,,,,
000049,0,Car,21.60752415247985,0.0,0,-2,0.9718225938597228,0.5221572200535405,142,ok,595.5,177.15,657.31,227.34,596.1267011954695,177.49598708230516,657.5340999804151,227.74107719295873,619.7590009875149,180.35503406847806,659.2329265825011,224.6777472064393
000049,1,Car,14.431735862327859,0.0,0,-2,0.9702037568702869,0.9364720055055443,840,ok,305.23,179.59,494.97,263.68,305.9072734279399,179.8485057165719,494.5352492375484,265.50033225883084,310.7948040664039,178.1948507245066,496.499572143171,264.7298839512084
000049,2,Car,22.3452746682604,0.0,2,-2,0.971827383677246,0.09121259992757855,32,ok,410.09,176.18,514.77,228.78,410.71263166178136,176.5177405326309,514.8405375444082,229.60658515330098,474.7552520468954,177.77116276660644,511.886148860967,191.29714630082862
000049,3,Car,25.244710337019118,0.0,2,-2,0.9655017273894114,0.0030254856447757762,15,ok,435.96,173.6,537.84,218.33,436.1481361523229,174.20161855068497,538.1202209207707,219.09865847376818,496.994397535574,174.1724146141699,529.6675880636308,174.59439414586814
000049,4,Car,32.80861624634602,0.0,2,-2,0.9576592442823294,0.0,0,too_few_points,473.64,171.53,556.16,203.86,473.9956656357029,172.1371539478265,556.2318639348146,204.4871588282381,,,,
000049,5,Van,45.87890582827799,0.0,3,-2,0.9643710323511584,0.12869884308914784,23,ok,515.19,156.84,585.71,193.55,515.5508569734449,157.38830591515645,585.753745269618,194.12597743926378,548.1770248679785,159.58621238208735,582.2901942878559,169.35294413723008
000049,6,Pedestrian,5.707845477936487,0.29,3,-2,0.7278903057181423,0.6841283729918792,1035,ok,984.43,188.05,1128.77,374.0,951.8577245893068,188.37690056476015,1149.9026379023128,374.0,950.5396370545332,199.54794300364716,1152.0101409877716,374.0
000049,7,Car,10.530056979902815,0.0,1,-2,0.9821619268017031,0.8887768937607773,721,ok,823.97,189.33,1083.14,327.79,824.9892559490418,188.66136840812115,1082.9232100789143,328.97257126371,822.4184922975854,191.46615454573788,1068.0687138907067,333.263499641541
000049,8,Car,15.530991597447988,0.0,1,-2,0.9808795133183608,0.8836026245539615,454,ok,753.34,185.35,885.42,263.59,753.9829653628616,184.85113157996162,885.1799551303761,264.08969234252936,757.5725004252607,187.99431379687874,887.8341279614216,266.8251851897087
000049,9,Car,20.710943966898274,0.0,2,-2,0.9693536791289407,0.8799605104220882,208,ok,719.83,169.31,816.44,238.11,720.4623798599148,170.46434323421525,816.5518670739141,238.561606198555,720.3759731848486,168.50697070519374,807.5935048806255,237.07761651303247
000049,10,Pedestrian,32.830986887390395,0.0,0,-2,0.7023424674735368,0.003283191974461255,9,ok,693.57,173.32,709.9,209.83,687.2543649315686,173.4991322090187,710.3931798026124,209.87935576503313,691.8496569644009,205.84709092467205,709.2733391121034,205.9717886473294
000049,11,Car,33.28710561163286,0.0,2,-2,0.9733507704553465,0.0,1,too_few_points,776.77,170.97,882.28,211.7,777.2036994081187,171.673094172071,882.1292043899753,211.53851399921675,,,,
000049,12,Car,14.50226189254628,0.07,3,-2,0.9812738323888572,0.4949159604826537,187,ok,0.0,178.64,252.92,280.6,0.0,178.47552336549273,252.87598082667043,282.36353137850654,69.49072903090462,180.31774078599653,199.62619431154306,278.3905894799771
000049,13,Car,19.08105080963834,0.0,1,-2,0.9775133658087097,0.4757733599313988,89,ok,194.14,174.89,341.99,241.74,194.82313020541372,175.1222260726661,341.91417714994725,242.6953142241801,259.1312352215651,178.16772304580314,333.49461724745316,241.40362656462787
000049,14,Car,35.70534273746718,0.0,2,-2,0.9709378648491018,0.5403351903934759,9,ok,603.49,171.71,639.3,204.36,603.5915994658061,172.2067624751913,639.1704078604587,204.6134888248586,603.7972813878514,179.97285156124335,631.3703062739559,202.88502808320564
000049,15,Car,23.25483390609359,0.0,2,-2,0.9771454613185871,0.06882057839962023,11,ok,287.85,175.62,379.41,228.84,287.93333708106087,176.22506147090235,379.52010940175455,229.3531197010136,342.1765981243327,174.92651304045083,365.0864149444554,190.30557830911386
000049,16,Van,35.61556120574264,0.0,3,-2,0.9744531218365056,0.05094802984409649,45,ok,881.73,155.07,1040.99,215.24,882.4211546924689,155.93761639079634,1040.8428904698314,214.88070739981723,912.134975182166,158.367476079202,932.7147499015223,182.09068868894263
000049,17,Car,22.431596019900145,0.38,3,-2,0.9681054333598386,0.16805785451632718,25,ok,0.0,170.48,111.64,240.66,0.0,171.4587793236274,111.34649144536374,241.77608472684753,10.879435778455088,176.23803481774436,81.8832006054872,194.78234272704805
000061,0,Van,18.858870591846163,0.05,3,-2,0.9699866414435606,0.8223301262365477,823,ok,1054.28,105.67,1241.0,249.94,1056.2277180576414,106.82392060334384,1241.0,251.69360565656783,1061.9857066913098,124.25869323598806,1241.0,248.0030387800915
000061,1,Car,14.805975145190539,0.79,3,-2,0.8720608278787242,0.8252877352241571,459,ok,0.0,212.28,41.28,328.12,0.0,210.8663552191857,41.35643887064087,343.45560804505067,0.0,214.59610635508437,38.29495434008456,340.8071551490968
000061,2,Car,41.06383688843506,0.0,2,-2,0.9727477298770077,0.0,0,too_few_points,69.7,217.73,112.22,254.15,69.72294373408414,217.24038583229748,112.252329666391,254.63261097582128,,,,
000061,3,Car,21.305694074589542,0.14,1,-2,0.9591071115636739,0.23223778897944927,37,ok,0.0,218.4,93.89,297.9,0.0,217.75544346188354,93.31368713454773,300.15404000262527,61.86705698269791,225.32558880760533,90.6997770859696,285.44763318530863
000061,4,Misc,37.18469308734442,0.0,3,-2,0.9502838542374648,0.7516446379100806,56,ok,879.45,149.53,932.13,173.41,879.827447576867,150.16614786495748,932.2348401781705,173.06631255403633,889.9428377453738,150.04468669853236,933.1752167810423,172.88364305245258
000061,5,Van,43.67330763750325,0.0,3,-2,0.9667914579886671,0.2775312198798619,10,ok,884.04,123.51,923.63,169.76,884.5420967539615,123.89551783064833,923.5194726804868,169.31241345732965,897.4792602275388,144.99775738027301,923.4926486558543,164.53270079685737
000001,0,Truck,69.45757410102946,0.0,0,-1,0.9378628164093085,0.5451335297857852,51,ok,599.41,156.4,629.75,189.25,599.8492375499051,157.33761579381633,629.8411848342162,189.84501263771423,611.5302473181981,157.11081622834084,630.2771248167255,187.4089197795141
000001,1,Car,60.827897382697685,0.0,0,-1,0.9805792155970717,0.024431227743076583,5,ok,387.63,181.54,423.81,203.12,387.8809817461105,181.4595996302404,423.7698102507707,203.2919188152593,408.522335678061,194.73039398556014,413.4268515250682,198.61967347106255
000001,2,Cyclist,46.08813404771341,0.0,3,-1,0.9599369505629226,0.0,0,too_few_points,676.6,163.95,688.98,193.93,676.8632776535213,164.15631778742335,688.89370790702,194.0951566616923,,,,
000004,0,Car,41.416147817004905,0.0,0,-1,0.9800793602166951,0.269690560588889,31,ok,280.38,185.1,344.9,215.59,280.6308266234518,184.85277444681324,344.8763067784587,215.83221683311902,301.5863923868159,194.81319127196977,330.1432724534374,213.391525493812
000004,1,Car,53.62680206762287,0.0,0,-1,0.9796579429978688,0.249992168262129,16,ok,365.14,184.54,406.11,205.2,365.345850196183,184.445901205217,406.0129449490881,205.38101053632593,369.82526095916455,194.55597165510392,393.63000804160896,203.44509869221847
000007,0,Car,25.076528866651383,0.0,0,-1,0.9667119802019462,0.8570037198953713,175,ok,564.62,174.59,616.43,224.74,565.4822674388488,175.0120260902123,616.6555064316764,224.96047078357958,565.8825561926577,177.71293069057424,618.0292540956699,222.99291738731628
000007,1,Car,48.163697947728224,0.0,0,-1,0.9719531768004971,0.286138281593687,16,ok,481.59,180.09,512.55,202.42,481.8496676318343,179.85710648600008,512.4094386793754,202.53901726391695,482.7885848241818,192.53102590578163,505.8375851247136,201.11352065068013
000007,2,Car,60.72708292022597,0.0,0,-1,0.9732200547497134,0.0,2,too_few_points,542.05,175.55,565.27,193.79,542.2247136363295,175.73341160107591,565.2443510290931,193.94468803128316,,,,
000007,3,Cyclist,36.40301361151299,0.0,0,-1,0.9790535391453362,0.0,0,too_few_points,330.6,176.09,355.61,213.6,330.8419174965761,176.13804376450176,355.49785328558744,213.8147887154328,,,,
000008,0,Car,4.884669896727925,0.88,3,-1,0.993376964810551,0.9776393725852061,6675,ok,0.0,192.37,402.31,374.0,0.0,191.3346280888893,402.6967273731604,374.0,0.0,193.0554080536267,409.9877309698461,374.0
000008,1,Car,8.11609512019173,0.0,1,-1,0.985383797759683,0.8557692451745182,1598,ok,334.85,178.94,624.5,372.04,335.783058370862,178.69011549395384,624.5448197689615,374.0,370.675014163547,180.67849098711267,624.8636494491024,369.48236467357657
000008,2,Car,7.418099487065404,0.34,3,-1,0.9865460364055325,0.8114660172537583,1183,ok,937.29,197.39,1241.0,374.0,938.8093144611796,195.86942796206094,1241.0,374.0,967.2230546589973,215.01804037110477,1241.0,374.0
000008,3,Car,14.56231437649936,0.0,1,-1,0.9740017462085421,0.6856253158955768,535,ok,597.59,176.18,720.9,261.14,598.0678967121008,176.35120042473784,721.2785777077737,262.63551523939844,617.1846177919556,180.7377638341654,708.3280709113754,259.54646463072896
000008,4,Car,34.01558613341831,0.0,0,-1,0.9648126354806893,0.7450073244288125,51,ok,741.18,168.83,792.25,208.43,741.6706475479675,169.3550315585611,792.2887502422866,208.91560853095123,749.0815690819403,170.31533738365545,789.6459328691851,209.7342392963011
000008,5,Car,21.75717123157328,0.0,0,-1,0.9711096331637186,0.8596864707644166,201,ok,884.52,178.31,956.41,240.18,885.375574880649,178.2402751822824,956.1167360780912,240.94612760947086,887.4704986863821,183.05643067372822,958.1691246764381,240.6396956705319
000009,0,Car,23.954999478188263,0.0,0,-1,0.9691905624919593,0.7763750242663736,186,ok,601.96,177.01,659.15,229.51,602.7258950069524,177.07969187873167,658.7444162269289,230.0091082194858,605.6258823416485,181.2712624117313,657.8115720600167,225.9395730839519
000009,1,Car,66.39593436348343,0.0,2,-1,0.9804577106969352,0.0,1,too_few_points,600.14,177.09,624.65,193.31,600.2515775209974,177.0745874239214,624.7781213729945,193.45767373211066,,,,
000009,2,Car,68.31325054482475,0.0,0,-1,0.9765780955208441,0.0,1,too_few_points,574.98,178.64,598.45,194.01,575.140095178741,178.51572420211681,598.421445697845,194.12980928858352,,,,
000010,0,Car,7.027616950289763,0.8,0,-1,0.984911449570525,0.8832831122955114,2085,ok,1013.39,182.46,1241.0,374.0,1015.2264077150546,181.08362111125447,1241.0,374.0,1012.7678492247945,204.40649080464843,1241.0,374.0
000010,1,Car,12.153505667090464,0.0,0,-1,0.9730093784212728,0.8393436438516058,762,ok,354.43,185.52,549.52,294.49,354.97416944722585,184.7725046188561,549.8571160610747,296.2672535655886,370.40586753406365,189.5913080435709,545.1644653972502,297.81948769149494
000010,2,Pedestrian,24.990228090195576,0.0,2,-1,0.6918638501905229,0.015317742411080311,6,ok,859.54,159.8,879.68,221.4,852.9154293879426,159.93130560447275,881.862470097748,221.65420490634102,877.8036138461542,174.91333685073892,881.7064335458949,185.2114388125191
000010,3,Car,17.58300600011272,0.0,0,-1,0.9665345171068871,0.8613939105764928,374,ok,819.63,178.12,926.85,251.56,820.6326146444272,177.98991240160436,926.213586761583,252.83263871366248,822.8495925268221,184.85119997290596,927.8334122883725,252.64825319214302
000010,4,Car,23.152187801587996,0.0,2,-1,0.9658414616932302,0.6231863339198052,51,ok,800.54,178.06,878.75,230.56,801.4463740562173,177.90660108762395,878.7624069725051,231.63916915829682,819.6952810495528,184.08014012656088,875.7191229039172,229.75388512578448
000010,5,Car,23.708471059939736,0.0,0,-1,0.9736929947835116,0.9209356688800057,180,ok,558.55,179.04,635.05,230.61,559.1191610178486,179.02753331906058,635.0644622466402,231.59426962806828,557.4974964805317,181.9893622737487,634.7266676333163,230.298290616561
000010,6,Car,29.129059373759393,0.0,2,-1,0.9701812852632052,0.2433821252152847,9,ok,598.3,178.68,652.25,218.17,598.9414033395154,178.68843734408998,652.2220242444396,218.87891260401935,633.6579495041705,178.95383297882333,648.2114187345153,214.5825947897323
000010,7,Car,29.64992074188395,0.0,1,-1,0.9695534897583151,0.7247168112877154,46,ok,784.59,178.04,839.98,220.1,785.0678221749215,177.99508638777752,840.0357589581953,220.96625830925603,787.7274965941091,181.25651167665623,833.9883699114368,217.753341464384
000010,8,Car,43.12322460113576,0.0,1,-1,0.9731961226235505,0.22028642921982536,8,ok,663.74,175.36,707.21,204.15,664.2152127096258,175.4288940904289,707.2008538336105,204.5477423570668,677.9666263802767,180.63834851328212,698.7891528054861,193.87827660419808
000011,0,Pedestrian,13.487212462180612,0.0,1,-1,0.7617231065164821,0.7704328773329778,159,ok,883.68,144.15,937.35,259.01,872.3139701353475,144.4122272280948,942.4710022834482,259.3021124565615,876.5336600351992,152.4965170553241,941.8712723675966,258.79166000238143
000011,1,Pedestrian,14.559921016269284,0.0,2,-1,0.9708695625871554,0.7476371269835949,32,ok,873.7,152.1,933.44,256.07,874.9735414851298,152.23039459628572,933.2053602827806,256.3624767733045,876.3989109725718,168.06735404747488,932.3884912856034,251.00599411661986
000011,2,Car,27.157706088696077,0.0,0,-1,0.9622486896042994,0.8197503680846704,143,ok,444.29,171.04,504.95,225.82,445.02358593009217,171.9676073863049,504.8867768841907,226.27600114783556,446.28712748475596,175.23922094559308,500.30030629500953,225.6712355100018
000011,3,Pedestrian,34.1870048410211,0.0,0,-1,0.6641050054820695,0.1084590759188801,19,ok,649.28,168.1,664.61,206.4,645.966167796266,168.34718204537592,668.9003652613195,206.4828304989361,662.0531387255548,171.54825410714182,668.9684636590458,202.10299604178803
000011,4,Car,6.8332861786990895,0.98,0,-1,0.982799839978754,0.8223568745574505,3073,ok,0.0,217.12,85.92,374.0,0.0,214.96720042586304,85.59656521482813,374.0,0.0,235.9901094744146,92.73233468552651,374.0
000011,5,Pedestrian,17.91347258350541,0.0,0,-1,0.7876745079392184,0.7858428164859155,60,ok,240.35,190.31,268.02,261.61,236.3630222171076,190.70010149639117,271.28204395022004,261.7267221369062,239.93462162302268,192.75809820491486,272.5704701327427,257.98828393713205
000012,0,Car,59.13815773255031,0.0,0,-1,0.9702557474704571,0.0,2,too_few_points,662.2,185.85,690.21,205.03,662.4127626428843,185.68958356531368,690.1349186753105,205.2584181947708,,,,
000012,1,Van,66.37461035667177,0.0,0,-1,0.9726182775303641,0.25910959776602854,18,ok,448.07,177.14,481.6,206.41,448.50409396229236,177.2017166271295,481.48319608898134,206.68163281568044,464.5966018408132,179.85073802907283,478.59607305972435,198.01543444530418
000015,0,Car,5.221350400040204,0.89,0,-1,0.9912411296450793,0.9288552707383768,6163,ok,0.0,194.7,414.71,373.0,0.0,196.22647532011217,414.79338274711637,373.0,0.0,207.01585385313746,415.70323489590163,373.0
000015,1,Pedestrian,9.052043968077044,0.0,1,-1,0.572380053604775,0.5997558651404098,410,ok,1021.76,133.28,1101.39,316.63,987.8187161307981,132.6542849670998,1126.330933889528,316.3193805641278,1032.2334785313037,154.8921330565228,1125.2039762582651,318.7581295778254
000015,2,Pedestrian,24.305951945974055,0.0,0,-1,0.5880880804465123,0.5817158130255461,39,ok,672.23,171.73,690.13,224.33,662.7646074562543,171.758261147998,688.3457420920323,224.2461682919993,662.5224558319939,176.19726772809096,689.3226545421815,224.5352829381159
000015,3,Pedestrian,24.483839568172307,0.0,0,-1,0.7118486738615575,0.6066756695127322,117,ok,692.68,169.14,712.48,224.03,686.4648321534155,169.0405645070376,714.1820223689004,223.89896771779314,685.3151360350997,175.961238927047,714.8806976009479,224.45528737389665
000015,4,Pedestrian,23.408197282148834,0.0,0,-1,0.729137193930143,0.7042627647533825,53,ok,537.84,168.08,560.9,224.34,530.9373733624349,168.22327607201495,562.5026878563468,224.34396515400263,532.6688096777224,172.67500918526196,562.2571203872089,222.16378234601373
000016,0,Car,44.631107985350305,0.0,2,-1,0.9792166491764549,0.2149484861951674,20,ok,661.23,174.85,694.38,197.63,661.3091206048756,175.0096492086401,694.4038212475683,197.87948218760903,674.3290481596058,185.06371404160672,687.3892428952214,198.2705825997077
000016,1,Truck,28.136895706527397,0.0,2,-1,0.9573142425561406,0.5100436236550778,656,ok,125.12,91.71,474.04,253.26,126.11973549516009,94.7550443077408,473.48420706449025,256.5591101915768,148.98983195613303,145.38633954987824,472.5636052382652,234.23826332509614
000016,2,Car,33.47478752733168,0.0,0,-1,0.9602189787890513,0.5813088611053784,56,ok,684.49,172.19,733.85,205.26,684.9527530538684,172.6122524346565,733.6702373170714,205.7541675881495,696.3855422885412,178.85107758880193,732.7801079958156,205.83903506857752
000016,3,Car,7.270508923039706,0.5,0,-1,0.9953459048459267,0.9049729097805883,2467,ok,0.0,193.56,386.2,374.0,0.0,192.8194670923925,385.97929031589484,374.0,0.0,208.98115863368577,390.6623697404873,374.0
000016,4,Car,47.221576636109894,0.0,0,-1,0.9752310914029001,0.04001999540670298,7,ok,494.45,181.84,527.48,205.27,494.6974708050685,181.78934171892882,527.3061219977037,205.51166864492288,509.66332352640035,196.06506608837623,516.6227480385907,200.515317721831
000016,5,Tram,90.98314239462165,0.0,2,-1,0.941131627814431,0.0,0,too_few_points,587.32,158.63,648.66,188.51,587.4756981077165,159.48128460575722,648.8090390166839,189.32574468416112,,,,
000019,0,Truck,6.5569352597078465,0.74,1,-1,0.9976527204689122,0.7318626243269427,7981,ok,0.0,0.0,424.74,374.0,0.0,0.0,425.73932921304083,374.0,0.0,97.80923095488086,429.93888283644065,374.0
000019,1,Car,10.25674899761128,0.0,0,-1,0.9758631367180104,0.837589517786476,1277,ok,742.41,184.49,944.56,321.39,743.7322163121494,183.40463196053423,944.6047742712759,322.75830229298236,765.5960866877435,186.451487145795,943.1450612762676,326.62465227963366
000019,2,Van,35.471560439315326,0.0,0,-1,0.9578886787066023,0.6457314604696163,82,ok,639.17,169.69,683.48,212.97,639.7595342347978,170.45102591526881,683.3328844464912,213.34653029045444,648.4568821888279,174.85018492998253,683.0669028541856,210.63008222139982
000019,3,Car,59.7673907745687,0.0,0,-1,0.9673706713528771,0.10453833846812903,9,ok,551.01,184.06,575.42,204.29,551.2956464910102,183.8666357348598,575.2628965325001,204.40528059745017,566.0649215737578,192.55933204033786,572.4332568952698,200.66545771173955
000021,0,Cyclist,4.499388847388055,0.89,0,-1,0.9609386273004766,0.9437231232472248,1753,ok,1056.16,190.5,1241.0,374.0,1061.6485899814204,188.65642136487105,1241.0,374.0,1059.8753174592698,197.27459423793024,1241.0,374.0
000021,1,Car,13.730833914952145,0.0,0,-1,0.9768652908104368,0.9221844569354563,659,ok,359.43,179.3,516.3,270.97,359.42946723924905,178.97950068867502,516.377331251277,272.7739287470463,358.71299025577883,183.03426538705958,514.0805856892798,272.9235802800849
000021,2,Car,17.852240755714675,0.0,1,-1,0.9556539485817545,0.5371096051189669,155,ok,444.13,163.92,559.2,247.04,445.3438813548979,165.33209387847134,558.9621845908925,248.35744891820576,491.4395322446193,167.45916230060698,556.6660823640915,246.21924393190537
000021,3,Van,23.95364064187321,0.0,1,-1,0.9740971552771425,0.6978759710993475,657,ok,870.59,115.22,1101.06,213.85,871.8653573460442,116.44459782312494,1100.7730465350082,213.1755201496682,891.3833757352581,136.4558642250306,1103.170351030561,212.64848308267437
000021,4,Car,26.519609725635103,0.0,0,-1,0.966089712612265,0.6676560440102868,146,ok,724.49,171.09,790.5,215.13,724.7563002323275,171.9403467399762,790.556717720553,215.5795985395809,742.931449948778,171.81588042999763,791.7033514603485,213.3196675404486
000021,5,Car,26.92237359520887,0.0,1,-1,0.9572550766705945,0.439994040100869,83,ok,534.25,166.2,596.08,216.76,535.0111219799,167.0202108849874,595.915376385145,217.39233896850016,562.8441597404855,170.94056161473557,593.2958744681914,218.23808174000996
000021,6,Car,32.63841601548703,0.0,2,-1,0.960326484610934,0.6605431245152473,49,ok,709.81,162.43,765.7,205.68,710.2848767352785,163.1935186832409,765.5014543187472,206.14422748078974,725.7838502951513,164.51941831379665,764.7139724152094,205.53374929218273
000021,7,Car,31.832576081743685,0.0,2,-1,0.9754137973252115,0.012225789710673039,3,ok,562.02,166.42,605.57,206.89,562.3024472513196,166.8479980321676,605.6306380533558,207.15062963165815,601.2371934892586,171.71888324737674,603.8591397616929,179.93704144505807
000023,0,Truck,69.30794254629119,0.0,0,-1,0.9178828944414382,0.4857214248195009,49,ok,599.21,156.67,629.63,189.6,599.9569369496087,157.64681469393744,630.0198696423093,190.22487300273383,611.4237959672355,160.49028023320116,629.9072833147682,187.4145218915929
000023,1,Car,57.5697507376921,0.0,0,-1,0.9821580102147335,0.2382894905597648,11,ok,372.95,182.64,412.21,205.68,373.1396449843585,182.4820508295903,412.1340955212618,205.7836972103021,374.9317896461477,194.75036018913147,399.3649799650418,203.57216574085885
000023,2,Cyclist,45.014563199035926,0.0,3,-1,0.9779735140244343,0.0,0,too_few_points,677.94,164.64,690.85,195.36,678.1378184454799,164.7667944800857,690.8494130317056,195.4427587791681,,,,
000025,0,Car,4.311252718178325,0.94,3,-1,0.9856064839830768,0.8839425139059796,1697,ok,896.11,218.17,1241.0,374.0,898.5029003166934,216.98302958382394,1241.0,374.0,891.8041672523173,234.71816304652629,1241.0,374.0
000025,1,Car,10.775778394157891,0.0,0,-1,0.9742745637668554,0.8966951245019068,1029,ok,351.84,183.19,537.77,308.64,351.7666609883152,182.21023161523294,538.1847944063541,310.63553951776197,349.10700919210063,191.22217633021924,540.4584607836651,310.6526683677289
000025,2,Car,30.240755612252812,0.0,0,-1,0.9669282727866185,0.695952374278917,67,ok,562.48,173.46,618.49,217.36,562.8961453665445,173.96220737936218,618.3098523894125,217.8697250443342,563.4529132690014,179.45707065295935,609.6148370617054,218.55643582284458
000025,3,Car,17.940526748119744,0.0,0,-1,0.9751509760069702,0.6800048825032476,301,ok,724.21,178.91,805.39,249.94,725.107421124518,178.98822669072274,805.3517843060697,250.84158412620693,742.6842677068446,186.02018553961793,807.3021237726837,250.03039927827533
000025,4,Cyclist,44.75969392209916,0.0,3,-1,0.9524540462083634,0.0026971342223548003,6,ok,650.19,175.43,659.99,205.2,650.5437383040933,175.55904926698628,659.9504092361298,205.3058116824079,650.1391196322556,203.45249824544578,660.4547006245695,203.53280332629976
000025,5,Car,22.771293331736782,0.0,1,-1,0.9728015225905532,0.46805770381109457,62,ok,720.81,187.01,779.98,236.22,721.1333059631885,186.67116853149815,780.0457783260022,236.9304858242921,721.8967445749148,188.92767568011612,751.1694235749311,237.78943774689085
000031,0,Car,12.73406847790603,0.0,0,-1,0.9764220979806445,0.8441728507331597,1011,ok,334.28,180.65,490.02,297.48,335.7273438441271,179.98405255694783,490.0223086671438,298.5374760804724,347.6829743784273,184.77928899700694,489.0154242779238,302.2445569733822
000031,1,Car,9.180201522842514,0.0,0,-1,0.9908609426857024,0.8595585877790741,1080,ok,785.85,179.67,1028.82,340.75,786.7491195548324,179.3046239343149,1028.728879630269,341.21114269259,808.9217315550951,181.4853326070748,1031.8174380891683,345.81606256583194
000031,2,Car,13.55821522177606,0.0,1,-1,0.978203384985609,0.7662846348112133,597,ok,711.98,179.65,848.82,277.62,713.0546386126352,179.1224587910857,849.175673072752,278.2403169952203,725.8341449849718,186.36623118907102,839.2768032807455,278.5298617055996
000031,3,Truck,22.591451923238576,0.0,2,-1,0.9749500890581079,0.5847076301405707,254,ok,445.91,131.69,539.77,228.36,446.41317124655757,132.98454455565914,539.7122187552809,228.93476767171188,455.521314207803,146.96180183069282,531.0108175717442,217.24062191025556
000031,4,Car,26.60241154482052,0.0,0,-1,0.9753634061961808,0.6783808562215088,131,ok,660.82,178.72,713.09,222.03,661.2641280806298,178.71072078852194,712.8565615531642,222.54589034184696,674.0963872939005,181.94894930303616,713.8933255128824,222.2275923673634
000031,5,Van,51.96460911043207,0.0,0,-1,0.9697643693994995,0.23930114351180962,17,ok,620.95,171.59,649.36,200.46,621.2906993658673,171.97754619301378,649.3347837026845,200.58379695868027,637.8514172983587,181.76759795369478,649.0060060104684,199.3634065738309
000032,0,Car,9.801535593977098,0.0,0,-1,0.9783876372773933,0.9368743448289211,1271,ok,178.19,189.36,435.56,344.73,178.1443875527685,188.62503752445608,436.1907794226634,347.0108734139042,178.94524557879262,191.94491842106234,436.1387027725437,351.6222212677075
000032,1,Car,9.275570063343816,0.0,0,-1,0.9812337248216836,0.8402813442844145,1335,ok,776.17,182.37,1014.36,335.44,777.6705926778095,182.02622179328785,1013.5778336703476,336.54253011711035,797.308285169918,188.05232498814408,1016.7717587865328,341.16425598583646
000032,2,Van,14.905562720004903,0.0,1,-1,0.9758648795116649,0.7164351640622935,519,ok,340.65,150.97,489.14,274.11,341.12140444055734,152.555046472,489.5298290328204,274.81708714426026,369.0710716923305,156.02951265191007,485.29912549073697,268.73946975659715
000032,3,Car,13.898881249942386,0.0,1,-1,0.9742995924477093,0.7418147565612462,419,ok,711.6,180.21,863.08,273.6,712.314041241092,179.26942630684297,863.7530219875109,274.2565717864618,729.3204895359371,181.61019812293395,848.6904072128411,269.5238348254685
000032,4,Car,20.23326468961448,0.0,2,-1,0.9663012576153752,0.6442766168035137,71,ok,709.49,176.89,777.81,234.26,709.9161720281708,177.14060897060267,777.4996493515463,235.37615334215786,722.8097265777458,183.5909571772873,774.680074049401,232.27491973664849
000032,5,Van,25.46885352739695,0.0,2,-1,0.977986335978767,0.4250570406741592,531,ok,119.13,141.28,368.15,230.69,119.5039409132526,142.97603150445732,368.1824370955335,230.56046849929453,217.32827922955616,147.30522001835428,364.9592155360966,211.40996307174726
000032,6,Car,25.887692056264886,0.0,2,-1,0.9632107856685036,0.2503094763194083,49,ok,725.15,164.18,806.31,219.41,725.8924318160255,164.95046522737965,806.3297583317685,220.19611296663183,747.1855285979462,167.63453906000643,789.3854688507731,194.22234725606123
000032,7,Van,44.74503994857977,0.0,0,-1,0.9657722335415692,0.4008143382173507,39,ok,611.72,163.22,643.8,197.13,612.1551095380427,163.6660026079232,643.7350290917562,197.3330109411708,627.5193402395606,167.98951147210582,643.7660262967531,194.82692202390868
000032,8,Van,41.11421165485239,0.0,2,-1,0.9690058707868661,0.21942217128351885,89,ok,780.93,147.56,917.34,199.48,781.5408337122395,148.52853011153715,917.339598877495,199.06576546674543,801.0320328459524,151.35221193227247,868.6502659864335,174.33472853410998
000032,9,Car,45.17375676208478,0.0,0,-1,0.9628772902070948,0.14529854106238843,21,ok,494.77,173.81,531.54,199.22,494.85283211104957,174.22767368896297,531.7657899049505,199.55264662467962,509.63443735378706,186.84905877408318,524.704923042739,195.85714012521154
000043,0,Pedestrian,12.847509486277875,0.0,0,-1,0.7353322072101504,0.6993446887136898,265,ok,471.56,174.73,502.47,266.4,466.10431265793187,175.05310837460217,507.9994355769062,266.30890104709573,466.7052790163298,176.1363650772058,510.0684849932241,267.1362856951538
000043,1,Pedestrian,12.72912015812562,0.0,0,-1,0.9070836411582872,0.8170732184944715,161,ok,441.08,170.15,473.22,268.12,438.92218850599966,170.39824758857097,472.34124713064364,268.36565229836106,436.10632724945793,171.67993179740486,474.89692078566225,268.2071537557949
000043,2,Pedestrian,20.711064675675175,0.0,0,-1,0.8114317456189969,0.7662109925206234,64,ok,684.72,161.94,711.08,230.1,680.174033267347,162.01147378875106,712.5665043723657,230.23798851294126,680.2957503477879,167.06627678861133,712.106314730966,229.1230281779257
000043,3,Pedestrian,20.62876632278334,0.0,0,-1,0.7393544676214817,0.7460128483623676,105,ok,719.54,160.0,745.42,229.67,712.4257147206886,160.10491809788257,747.366846520692,229.6074026886894,712.8033373578116,161.4446079275668,746.6913874394904,229.0178493046263
000048,0,Pedestrian,16.9372843159699,0.0,0,-1,0.7428340489657085,0.5088510030480682,100,ok,659.64,160.9,687.89,236.97,650.5185844788841,160.81018381370345,687.488454828534,236.77048279270358,670.8867071360181,168.12596000151416,689.5347398081418,239.0195735621338
000048,1,Pedestrian,17.211362525959416,0.0,0,-1,0.7343542011568722,0.6482520289553229,223,ok,680.59,157.38,711.83,236.18,672.9630173041974,157.5730134965672,715.4119078679048,236.14191244356445,671.3005171826723,164.43091949420767,715.869531057232,235.04372313231735
000048,2,Pedestrian,16.627450195384743,0.0,0,-1,0.6113620247382592,0.5722641763897461,129,ok,453.2,159.81,482.53,241.31,436.0897053007659,159.9945358993101,483.9688648668152,241.22950966182626,436.4241627254932,166.57460174909602,484.08494256997824,242.7792756635437
000048,3,Cyclist,30.4403301558968,0.0,0,-1,0.9556405768602276,0.106935476482151,7,ok,600.22,162.56,622.05,206.65,600.9738827243284,162.50318019636518,621.9184216677165,206.52977705871808,617.4302583923859,174.0299872914486,620.7485017636665,205.04753136072512
000049,0,Car,21.60752415247985,0.0,0,-1,0.9718225938597228,0.7010141390359683,186,ok,595.5,177.15,657.31,227.34,596.1267011954695,177.49598708230516,657.5340999804151,227.74107719295873,607.0139965586172,180.45992048312058,659.1063875762671,224.80867106327642
000049,1,Car,14.431735862327859,0.0,0,-1,0.9702037568702869,0.9243802102652293,913,ok,305.23,179.59,494.97,263.68,305.9072734279399,179.8485057165719,494.5352492375484,265.50033225883084,313.31646468713666,178.32161288740588,496.5770241617493,264.78244666822076
000049,2,Car,22.3452746682604,0.0,2,-1,0.971827383677246,0.21971863598193636,60,ok,410.09,176.18,514.77,228.78,410.71263166178136,176.5177405326309,514.8405375444082,229.60658515330098,461.5102470159747,177.89911295821355,514.8249023091593,200.61949245607502
000049,3,Car,25.244710337019118,0.0,2,-1,0.9655017273894114,0.41824870624521887,21,ok,435.96,173.6,537.84,218.33,436.1481361523229,174.20161855068497,538.1202209207707,219.09865847376818,483.91583643944216,174.2934486851528,538.5570173943834,209.83701749770418
000049,4,Car,32.80861624634602,0.0,2,-1,0.9576592442823294,0.0,0,too_few_points,473.64,171.53,556.16,203.86,473.9956656357029,172.1371539478265,556.2318639348146,204.4871588282381,,,,
000049,5,Van,45.87890582827799,0.0,3,-1,0.9643710323511584,0.18253896287943985,39,ok,515.19,156.84,585.71,193.55,515.5508569734449,157.38830591515645,585.753745269618,194.12597743926378,535.3997659386954,159.6294374798105,583.4281710628376,169.46850863905576
000049,6,Pedestrian,5.707845477936487,0.29,3,-1,0.7278903057181423,0.689444701260302,1033,ok,984.43,188.05,1128.77,374.0,951.8577245893068,188.37690056476015,1149.9026379023128,374.0,951.7144515125999,199.4783073233405,1151.6194420397833,374.0
000049,7,Car,10.530056979902815,0.0,1,-1,0.9821619268017031,0.8781624917497768,721,ok,823.97,189.33,1083.14,327.79,824.9892559490418,188.66136840812115,1082.9232100789143,328.97257126371,839.9976556713175,191.5125069338868,1084.6887344515185,334.4770702537736
000049,8,Car,15.530991597447988,0.0,1,-1,0.9808795133183608,0.8727308828167295,509,ok,753.34,185.35,885.42,263.59,753.9829653628616,184.85113157996162,885.1799551303761,264.08969234252936,757.4042727239234,188.08750235000866,880.7709212093148,266.33685160479996
000049,9,Car,20.710943966898274,0.0,2,-1,0.9693536791289407,0.9683956110416514,230,ok,719.83,169.31,816.44,238.11,720.4623798599148,170.46434323421525,816.5518670739141,238.561606198555,720.2283417361301,168.51849669536878,816.4528699721915,236.9868234261515
000049,10,Pedestrian,32.830986887390395,0.0,0,-1,0.7023424674735368,0.6605783988447596,17,ok,693.57,173.32,709.9,209.83,687.2543649315686,173.4991322090187,710.3931798026124,209.87935576503313,691.7310211069096,178.87634230253857,710.7743076844561,205.96751678567693
000049,11,Car,33.28710561163286,0.0,2,-1,0.9733507704553465,0.34512696665925563,20,ok,776.77,170.97,882.28,211.7,777.2036994081187,171.673094172071,882.1292043899753,211.53851399921675,817.2004452080197,172.62647590034513,880.7060601864797,195.98120324777577
000049,12,Car,14.50226189254628,0.07,3,-1,0.9812738323888572,0.7555241697803379,275,ok,0.0,178.64,252.92,280.6,0.0,178.47552336549273,252.87598082667043,282.36353137850654,49.20467241882478,180.45362892294747,245.3439432965448,279.78737312428945
000049,13,Car,19.08105080963834,0.0,1,-1,0.9775133658087097,0.5749309852051745,173,ok,194.14,174.89,341.99,241.74,194.82313020541372,175.1222260726661,341.91417714994725,242.6953142241801,243.20305267456604,178.1913941010466,332.8847191531191,242.06307156788685
000049,14,Car,35.70534273746718,0.0,2,-1,0.9709378648491018,0.8652106774847582,8,ok,603.49,171.71,639.3,204.36,603.5915994658061,172.2067624751913,639.1704078604587,204.6134888248586,605.944919489516,171.97481834357887,640.0269555157308,202.88595535403883
000049,15,Car,23.25483390609359,0.0,2,-1,0.9771454613185871,0.11055541478193305,18,ok,287.85,175.62,379.41,228.84,287.93333708106087,176.22506147090235,379.52010940175455,229.3531197010136,327.58978890751763,174.950045797226,363.97099841117074,190.50162836866306
000049,16,Van,35.61556120574264,0.0,3,-1,0.9744531218365056,0.0932866815340911,54,ok,881.73,155.07,1040.99,215.24,882.4211546924689,155.93761639079634,1040.8428904698314,214.88070739981723,897.3397316378712,158.58972672447723,935.1820757254733,182.21236157687852
000049,17,Car,22.431596019900145,0.38,3,-1,0.9681054333598386,0.242538819131453,37,ok,0.0,170.48,111.64,240.66,0.0,171.4587793236274,111.34649144536374,241.77608472684753,0.0,176.30008528936477,100.90031270017087,195.1331907473568
000061,0,Van,18.858870591846163,0.05,3,-1,0.9699866414435606,0.8163740156004381,1018,ok,1054.28,105.67,1241.0,249.94,1056.2277180576414,106.82392060334384,1241.0,251.69360565656783,1061.7429589794806,124.70330187398278,1241.0,247.3850117401761
000061,1,Car,14.805975145190539,0.79,3,-1,0.8720608278787242,0.8654095304054433,440,ok,0.0,212.28,41.28,328.12,0.0,210.8663552191857,41.35643887064087,343.45560804505067,0.0,215.31839458488116,40.49534185857222,340.3801949082752
000061,2,Car,41.06383688843506,0.0,2,-1,0.9727477298770077,0.056419359753730816,4,ok,69.7,217.73,112.22,254.15,69.72294373408414,217.24038583229748,112.252329666391,254.63261097582128,103.59847913725478,240.53540506745736,112.57656461264617,250.693026398277
000061,3,Car,21.305694074589542,0.14,1,-1,0.9591071115636739,0.39823283356459316,97,ok,0.0,218.4,93.89,297.9,0.0,217.75544346188354,93.31368713454773,300.15404000262527,41.495294015668094,225.397771104755,89.76869749211878,286.97435790060354
000061,4,Misc,37.18469308734442,0.0,3,-1,0.9502838542374648,0.8066042625407623,71,ok,879.45,149.53,932.13,173.41,879.827447576867,150.16614786495748,932.2348401781705,173.06631255403633,881.0034861574384,152.86670367781176,933.2403182999698,173.06754298256124
000061,5,Van,43.67330763750325,0.0,3,-1,0.9667914579886671,0.3809702946593183,14,ok,884.04,123.51,923.63,169.76,884.5420967539615,123.89551783064833,923.5194726804868,169.31241345732965,888.04318330375,144.99470943375096,923.3348574858617,164.76058657258162
000001,0,Truck,69.45757410102946,0.0,0,-0.5,0.9378628164093085,0.7372960805235101,64,ok,599.41,156.4,629.75,189.25,599.8492375499051,157.33761579381633,629.8411848342162,189.84501263771423,605.2065671256511,157.1817067888974,630.1382842221591,187.47545825541778
000001,1,Car,60.827897382697685,0.0,0,-0.5,0.9805792155970717,0.05321473655362903,9,ok,387.63,181.54,423.81,203.12,387.8809817461105,181.4595996302404,423.7698102507707,203.2919188152593,401.6866442574839,194.78057176469844,412.2026369561345,198.73152276353127
000001,2,Cyclist,46.08813404771341,0.0,3,-0.5,0.9599369505629226,0.22139001336411393,6,ok,676.6,163.95,688.98,193.93,676.8632776535213,164.15631778742335,688.89370790702,194.0951566616923,683.8336593286732,167.80658222797584,688.4924796685174,185.44397298403823
000004,0,Car,41.416147817004905,0.0,0,-0.5,0.9800793602166951,0.359996232643026,41,ok,280.38,185.1,344.9,215.59,280.6308266234518,184.85277444681324,344.8763067784587,215.83221683311902,294.0605624543544,194.93358043220766,332.0351835004252,213.5826122669277
000004,1,Car,53.62680206762287,0.0,0,-0.5,0.9796579429978688,0.09239303125142986,15,ok,365.14,184.54,406.11,205.2,365.345850196183,184.445901205217,406.0129449490881,205.38101053632593,375.43518399886926,194.56288996277607,394.1810841061548,198.73474489657423
000007,0,Car,25.076528866651383,0.0,0,-0.5,0.9667119802019462,0.8673250588876635,194,ok,564.62,174.59,616.43,224.74,565.4822674388488,175.0120260902123,616.6555064316764,224.96047078357958,565.2422488908712,177.78023068503092,618.0073973948081,223.014323424774
000007,1,Car,48.163697947728224,0.0,0,-0.5,0.9719531768004971,0.2505542261483672,18,ok,481.59,180.09,512.55,202.42,481.8496676318343,179.85710648600008,512.4094386793754,202.53901726391695,488.8358401928678,192.51376786764328,509.0187521810022,201.0961447334654
000007,2,Car,60.72708292022597,0.0,0,-0.5,0.9732200547497134,0.005030242916119008,5,ok,542.05,175.55,565.27,193.79,542.2247136363295,175.73341160107591,565.2443510290931,193.94468803128316,549.9136299292346,187.65863692347583,562.5180519851066,187.8276627508799
000007,3,Cyclist,36.40301361151299,0.0,0,-0.5,0.9790535391453362,0.13081480109493587,5,ok,330.6,176.09,355.61,213.6,330.8419174965761,176.13804376450176,355.49785328558744,213.8147887154328,344.1091576473054,183.36847544121224,349.2725975124125,207.13570263174725
000008,0,Car,4.884669896727925,0.88,3,-0.5,0.993376964810551,0.9755149397784335,6996,ok,0.0,192.37,402.31,374.0,0.0,191.3346280888893,402.6967273731604,374.0,0.0,193.2184160099269,410.51977185344873,374.0
000008,1,Car,8.11609512019173,0.0,1,-0.5,0.985383797759683,0.8680629241844047,1955,ok,334.85,178.94,624.5,372.04,335.783058370862,178.69011549395384,624.5448197689615,374.0,363.3792533171183,180.747598821245,620.7565868460433,369.3888711235514
000008,2,Car,7.418099487065404,0.34,3,-0.5,0.9865460364055325,0.8359060998741081,1195,ok,937.29,197.39,1241.0,374.0,938.8093144611796,195.86942796206094,1241.0,374.0,959.1914935369177,214.8972162038976,1241.0,374.0
000008,3,Car,14.56231437649936,0.0,1,-0.5,0.9740017462085421,0.8235141642479469,620,ok,597.59,176.18,720.9,261.14,598.0678967121008,176.35120042473784,721.2785777077737,262.63551523939844,610.755075872414,180.80538593406166,721.654669829805,259.5782774811177
000008,4,Car,34.01558613341831,0.0,0,-0.5,0.9648126354806893,0.8906759856078251,62,ok,741.18,168.83,792.25,208.43,741.6706475479675,169.3550315585611,792.2887502422866,208.91560853095123,742.5070370322442,170.4013687737411,791.4019500909346,209.7647664146453
000008,5,Car,21.75717123157328,0.0,0,-0.5,0.9711096331637186,0.8589529475745761,241,ok,884.52,178.31,956.41,240.18,885.375574880649,178.2402751822824,956.1167360780912,240.94612760947086,887.999912299161,183.1132193318177,957.5693825438033,240.62568653022325
000009,0,Car,23.954999478188263,0.0,0,-0.5,0.9691905624919593,0.7697455319967345,206,ok,601.96,177.01,659.15,229.51,602.7258950069524,177.07969187873167,658.7444162269289,230.0091082194858,606.1372371212617,181.3381511185456,657.9249005109679,225.9654149282752
000009,1,Car,66.39593436348343,0.0,2,-0.5,0.9804577106969352,0.0005692122263820907,3,ok,600.14,177.09,624.65,193.31,600.2515775209974,177.0745874239214,624.7781213729945,193.45767373211066,611.4602416016173,187.39709711120003,616.0142277631093,187.44678798966132
000009,2,Car,68.31325054482475,0.0,0,-0.5,0.9765780955208441,0.0,2,too_few_points,574.98,178.64,598.45,194.01,575.140095178741,178.51572420211681,598.421445697845,194.12980928858352,,,,
000010,0,Car,7.027616950289763,0.8,0,-0.5,0.984911449570525,0.8757939601261757,2200,ok,1013.39,182.46,1241.0,374.0,1015.2264077150546,181.08362111125447,1241.0,374.0,1010.4134185346661,204.30688886518897,1241.0,374.0
000010,1,Car,12.153505667090464,0.0,0,-0.5,0.9730093784212728,0.8549046781110624,991,ok,354.43,185.52,549.52,294.49,354.97416944722585,184.7725046188561,549.8571160610747,296.2672535655886,369.6863399115375,189.67173753358477,548.3853245155617,298.13294589915097
000010,2,Pedestrian,24.990228090195576,0.0,2,-0.5,0.6918638501905229,0.1343297771743107,17,ok,859.54,159.8,879.68,221.4,852.9154293879426,159.93130560447275,881.862470097748,221.65420490634102,870.5923818735026,166.3523096654594,881.7276332095942,185.26313072286914
000010,3,Car,17.58300600011272,0.0,0,-0.5,0.9665345171068871,0.8530470692820495,381,ok,819.63,178.12,926.85,251.56,820.6326146444272,177.98991240160436,926.213586761583,252.83263871366248,824.6419859897768,184.90367626475904,926.5766530734857,252.45121364379997
000010,4,Car,23.152187801587996,0.0,2,-0.5,0.9658414616932302,0.6180059473679392,51,ok,800.54,178.06,878.75,230.56,801.4463740562173,177.90660108762395,878.7624069725051,231.63916915829682,812.8106460836314,184.13597124583546,868.5122994110126,229.69203140669362
000010,5,Car,23.708471059939736,0.0,0,-0.5,0.9736929947835116,0.9086483678750674,210,ok,558.55,179.04,635.05,230.61,559.1191610178486,179.02753331906058,635.0644622466402,231.59426962806828,558.0226255354723,182.05641659293937,633.3929961920684,230.26150164663457
000010,6,Car,29.129059373759393,0.0,2,-0.5,0.9701812852632052,0.4129881405859845,23,ok,598.3,178.68,652.25,218.17,598.9414033395154,178.68843734408998,652.2220242444396,218.87891260401935,627.2988260669484,179.02150875266497,649.8591324508322,218.02209811606753
000010,7,Car,29.64992074188395,0.0,1,-0.5,0.9695534897583151,0.6251327781880425,40,ok,784.59,178.04,839.98,220.1,785.0678221749215,177.99508638777752,840.0357589581953,220.96625830925603,787.0412755551346,181.32134623598512,827.0425127353087,217.7295691176002
000010,8,Car,43.12322460113576,0.0,1,-0.5,0.9731961226235505,0.3688180003757233,13,ok,663.74,175.36,707.21,204.15,664.2152127096258,175.4288940904289,707.2008538336105,204.5477423570668,671.577228286347,180.70500773685959,692.3655157824955,202.90867444192776
000011,0,Pedestrian,13.487212462180612,0.0,1,-0.5,0.7617231065164821,0.7777675397898843,164,ok,883.68,144.15,937.35,259.01,872.3139701353475,144.4122272280948,942.4710022834482,259.3021124565615,877.0953444845627,152.66969094243723,941.5409788079561,258.53578764945405
000011,1,Pedestrian,14.559921016269284,0.0,2,-0.5,0.9708695625871554,0.4318115476740203,33,ok,873.7,152.1,933.44,256.07,874.9735414851298,152.23039459628572,933.2053602827806,256.3624767733045,900.8001999534653,168.181784245846,933.9568271884542,250.91876640324458
000011,2,Car,27.157706088696077,0.0,0,-0.5,0.9622486896042994,0.8722247174910095,171,ok,444.29,171.04,504.95,225.82,445.02358593009217,171.9676073863049,504.8867768841907,226.27600114783556,445.614589802209,175.27369538779476,503.11643556296093,225.67839585123068
000011,3,Pedestrian,34.1870048410211,0.0,0,-0.5,0.6641050054820695,0.3873819281353717,36,ok,649.28,168.1,664.61,206.4,645.966167796266,168.34718204537592,668.9003652613195,206.4828304989361,655.6785037340143,171.62112937464343,668.4381371847654,202.1568963980271
000011,4,Car,6.8332861786990895,0.98,0,-0.5,0.982799839978754,0.8413908533466681,3488,ok,0.0,217.12,85.92,374.0,0.0,214.96720042586304,85.59656521482813,374.0,0.0,236.50716405685426,90.00149053017111,374.0
000011,5,Pedestrian,17.91347258350541,0.0,0,-0.5,0.7876745079392184,0.7934243824356654,79,ok,240.35,190.31,268.02,261.61,236.3630222171076,190.70010149639117,271.28204395022004,261.7267221369062,242.05540232070297,192.87816861668648,270.3919908991727,257.8762920577153
000012,0,Car,59.13815773255031,0.0,0,-0.5,0.9702557474704571,0.10338753055705799,6,ok,662.2,185.85,690.21,205.03,662.4127626428843,185.68958356531368,690.1349186753105,205.2584181947708,678.4706458347354,191.44322337082812,685.3750439954181,199.48781579526488
000012,1,Van,66.37461035667177,0.0,0,-0.5,0.9726182775303641,0.36072847307431377,26,ok,448.07,177.14,481.6,206.41,448.50409396229236,177.2017166271295,481.48319608898134,206.68163281568044,458.00363432445073,179.86755462880646,477.4060191862516,198.11413920201855
000015,0,Car,5.221350400040204,0.89,0,-0.5,0.9912411296450793,0.9238740685849551,6213,ok,0.0,194.7,414.71,373.0,0.0,196.22647532011217,414.79338274711637,373.0,0.0,207.20050014483704,417.614346475688,373.0
000015,1,Pedestrian,9.052043968077044,0.0,1,-0.5,0.572380053604775,0.6391217587158999,419,ok,1021.76,133.28,1101.39,316.63,987.8187161307981,132.6542849670998,1126.330933889528,316.3193805641278,1023.5712834231151,155.10356370680708,1131.395992070544,318.6735777903778
000015,2,Pedestrian,24.305951945974055,0.0,0,-0.5,0.5880880804465123,0.591114045093371,66,ok,672.23,171.73,690.13,224.33,662.7646074562543,171.758261147998,688.3457420920323,224.2461682919993,663.0511375651979,176.24210789220677,689.2980609961071,224.54247028154316
000015,3,Pedestrian,24.483839568172307,0.0,0,-0.5,0.7118486738615575,0.6233420259134357,99,ok,692.68,169.14,712.48,224.03,686.4648321534155,169.0405645070376,714.1820223689004,223.89896771779314,685.2130545442343,176.0341487217571,713.8833579074286,224.4483101201004
000015,4,Pedestrian,23.408197282148834,0.0,0,-0.5,0.729137193930143,0.7138368302267344,65,ok,537.84,168.08,560.9,224.34,530.9373733624349,168.22327607201495,562.5026878563468,224.34396515400263,533.5626374621944,172.73987569425637,562.5134154654776,221.85697334014475
000016,0,Car,44.631107985350305,0.0,2,-0.5,0.9792166491764549,0.340270468585995,29,ok,661.23,174.85,694.38,197.63,661.3091206048756,175.0096492086401,694.4038212475683,197.87948218760903,667.946754646101,185.0639181619735,688.7861255721346,198.32265247100543
000016,1,Truck,28.136895706527397,0.0,2,-0.5,0.9573142425561406,0.5264082447839527,1657,ok,125.12,91.71,474.04,253.26,126.11973549516009,94.7550443077408,473.48420706449025,256.5591101915768,139.97276156244033,145.25793591997947,472.38239709241856,234.52307885510416
000016,2,Car,33.47478752733168,0.0,0,-0.5,0.9602189787890513,0.5455880756772665,72,ok,684.49,172.19,733.85,205.26,684.9527530538684,172.6122524346565,733.6702373170714,205.7541675881495,692.2663091932011,178.73424822060818,726.2607631490772,205.8609514034905
000016,3,Car,7.270508923039706,0.5,0,-0.5,0.9953459048459267,0.9025469966674975,2482,ok,0.0,193.56,386.2,374.0,0.0,192.8194670923925,385.97929031589484,374.0,0.0,209.20633693567052,391.23239017227024,374.0
000016,4,Car,47.221576636109894,0.0,0,-0.5,0.9752310914029001,0.08213749858622144,13,ok,494.45,181.84,527.48,205.27,494.6974708050685,181.78934171892882,527.3061219977037,205.51166864492288,503.1971489730709,196.05218734193082,517.1507064109179,200.60770139365388
000016,5,Tram,90.98314239462165,0.0,2,-0.5,0.941131627814431,0.0,0,too_few_points,587.32,158.63,648.66,188.51,587.4756981077165,159.48128460575722,648.8090390166839,189.32574468416112,,,,
000019,0,Truck,6.5569352597078465,0.74,1,-0.5,0.9976527204689122,0.7377709514186757,8557,ok,0.0,0.0,424.74,374.0,0.0,0.0,425.73932921304083,374.0,0.0,97.6599827775034,425.6018343840543,374.0
000019,1,Car,10.25674899761128,0.0,0,-0.5,0.9758631367180104,0.8565309429103097,1312,ok,742.41,184.49,944.56,321.39,743.7322163121494,183.40463196053423,944.6047742712759,322.75830229298236,758.8717308231238,186.50106427929774,940.4216250278022,326.43908099623644
000019,2,Van,35.471560439315326,0.0,0,-0.5,0.9578886787066023,0.7700970013968047,97,ok,639.17,169.69,683.48,212.97,639.7595342347978,170.45102591526881,683.3328844464912,213.34653029045444,642.0982827587685,174.9211319495415,683.5857046563766,210.6797788392917
000019,3,Car,59.7673907745687,0.0,0,-0.5,0.9673706713528771,0.20846118412005807,17,ok,551.01,184.06,575.42,204.29,551.2956464910102,183.8666357348598,575.2628965325001,204.40528059745017,559.7109921056307,192.55723991821344,572.2850659323651,200.74401495484068
000021,0,Cyclist,4.499388847388055,0.89,0,-0.5,0.9609386273004766,0.9587722296112244,1751,ok,1056.16,190.5,1241.0,374.0,1061.6485899814204,188.65642136487105,1241.0,374.0,1057.044660203665,197.21920772688796,1241.0,374.0
000021,1,Car,13.730833914952145,0.0,0,-0.5,0.9768652908104368,0.9036862268780655,785,ok,359.43,179.3,516.3,270.97,359.42946723924905,178.97950068867502,516.377331251277,272.7739287470463,363.25463062278857,183.10685612434654,518.0794480314494,273.18925901100124
000021,2,Car,17.852240755714675,0.0,1,-0.5,0.9556539485817545,0.6030479750511835,206,ok,444.13,163.92,559.2,247.04,445.3438813548979,165.33209387847134,558.9621845908925,248.35744891820576,484.8654413335082,167.51594380101776,558.0179958835791,246.36382264452837
000021,3,Van,23.95364064187321,0.0,1,-0.5,0.9740971552771425,0.7203187070760645,945,ok,870.59,115.22,1101.06,213.85,871.8653573460442,116.44459782312494,1100.7730465350082,213.1755201496682,884.0809943087402,136.7616213882204,1099.7371435080938,212.6868804868187
000021,4,Car,26.519609725635103,0.0,0,-0.5,0.966089712612265,0.7694026580756888,168,ok,724.49,171.09,790.5,215.13,724.7563002323275,171.9403467399762,790.556717720553,215.5795985395809,736.3687585382285,171.9003241060687,790.6539707119388,213.3111819288335
000021,5,Car,26.92237359520887,0.0,1,-0.5,0.9572550766705945,0.5565957471058618,100,ok,534.25,166.2,596.08,216.76,535.0111219799,167.0202108849874,595.915376385145,217.39233896850016,556.4447398004842,171.00508391318476,595.2132248614099,218.3292105586793
000021,6,Car,32.63841601548703,0.0,2,-0.5,0.960326484610934,0.7796531162074525,53,ok,709.81,162.43,765.7,205.68,710.2848767352785,163.1935186832409,765.5014543187472,206.14422748078974,719.2832669601906,164.5443690895583,765.2267179799375,205.56459299359366
000021,7,Car,31.832576081743685,0.0,2,-0.5,0.9754137973252115,0.04836787400653219,9,ok,562.02,166.42,605.57,206.89,562.3024472513196,166.8479980321676,605.6306380533558,207.15062963165815,594.8849050259624,171.71718425273048,601.7326709820918,184.1660405504809
000023,0,Truck,69.30794254629119,0.0,0,-0.5,0.9178828944414382,0.6500051959840383,68,ok,599.21,156.67,629.63,189.6,599.9569369496087,157.64681469393744,630.0198696423093,190.22487300273383,605.1020505543619,160.48485002955323,630.2587966767828,187.48115711855456
000023,1,Car,57.5697507376921,0.0,0,-0.5,0.9821580102147335,0.07341829251190299,13,ok,372.95,182.64,412.21,205.68,373.1396449843585,182.4820508295903,412.1340955212618,205.7836972103021,384.26902343362786,194.71721549544074,400.42196411603726,198.8285749788121
000023,2,Cyclist,45.014563199035926,0.0,3,-0.5,0.9779735140244343,0.22280203412932884,8,ok,677.94,164.64,690.85,195.36,678.1378184454799,164.7667944800857,690.8494130317056,195.4427587791681,685.0323650376878,167.6742955873638,690.0431135213203,185.30883014334108
000025,0,Car,4.311252718178325,0.94,3,-0.5,0.9856064839830768,0.8815134809738575,1670,ok,896.11,218.17,1241.0,374.0,898.5029003166934,216.98302958382394,1241.0,374.0,889.7277380348823,234.35579527996907,1241.0,374.0
000025,1,Car,10.775778394157891,0.0,0,-0.5,0.9742745637668554,0.9022962274706373,1213,ok,351.84,183.19,537.77,308.64,351.7666609883152,182.21023161523294,538.1847944063541,310.63553951776197,348.4172340585845,191.31281551296635,537.8949348524656,310.93920774857065
000025,2,Car,30.240755612252812,0.0,0,-0.5,0.9669282727866185,0.773878467292874,69,ok,562.48,173.46,618.49,217.36,562.8961453665445,173.96220737936218,618.3098523894125,217.8697250443342,565.1116900953778,179.524139822184,616.7445854541265,218.62965760214746
000025,3,Car,17.940526748119744,0.0,0,-0.5,0.9751509760069702,0.7474413900882176,323,ok,724.21,178.91,805.39,249.94,725.107421124518,178.98822669072274,805.3517843060697,250.84158412620693,736.0923543442906,186.07580827213107,807.1153002926311,250.5686710994122
000025,4,Cyclist,44.75969392209916,0.0,3,-0.5,0.9524540462083634,0.8648814343777008,13,ok,650.19,175.43,659.99,205.2,650.5437383040933,175.55904926698628,659.9504092361298,205.3058116824079,650.6532625908326,176.49839106195654,659.99127293279,203.52661775838988
000025,5,Car,22.771293331736782,0.0,1,-0.5,0.9728015225905532,0.37366899942215565,56,ok,720.81,187.01,779.98,236.22,721.1333059631885,186.67116853149815,780.0457783260022,236.9304858242921,721.2460075955787,188.98095449888643,744.5644358274936,237.7701978539679
000031,0,Car,12.73406847790603,0.0,0,-0.5,0.9764220979806445,0.8616370567764068,1161,ok,334.28,180.65,490.02,297.48,335.7273438441271,179.98405255694783,490.0223086671438,298.5374760804724,345.89442105783655,184.85651154391982,490.7579777021582,301.3474604086374
000031,1,Car,9.180201522842514,0.0,0,-0.5,0.9908609426857024,0.8903756108422168,1139,ok,785.85,179.67,1028.82,340.75,786.7491195548324,179.3046239343149,1028.728879630269,341.21114269259,801.9943289527733,181.5499355297442,1030.8249632867262,345.55644874024887
000031,2,Car,13.55821522177606,0.0,1,-0.5,0.978203384985609,0.7635894206472125,595,ok,711.98,179.65,848.82,277.62,713.0546386126352,179.1224587910857,849.175673072752,278.2403169952203,719.2681268123373,186.41984227632,832.2279648378801,278.374869857011
000031,3,Truck,22.591451923238576,0.0,2,-0.5,0.9749500890581079,0.6854035761298705,289,ok,445.91,131.69,539.77,228.36,446.41317124655757,132.98454455565914,539.7122187552809,228.93476767171188,452.15670086745513,146.96526697835475,531.1896260951457,225.653642176228
000031,4,Car,26.60241154482052,0.0,0,-0.5,0.9753634061961808,0.7918891924108993,155,ok,660.82,178.72,713.09,222.03,661.2641280806298,178.71072078852194,712.8565615531642,222.54589034184696,667.6911679312226,182.01442041951614,713.6155649830713,222.23119654672414
000031,5,Van,51.96460911043207,0.0,0,-0.5,0.9697643693994995,0.5559909323859532,26,ok,620.95,171.59,649.36,200.46,621.2906993658673,171.97754619301378,649.3347837026845,200.58379695868027,631.5132496693903,173.73905491297958,649.5266374712348,199.4244961247484
000032,0,Car,9.801535593977098,0.0,0,-0.5,0.9783876372773933,0.9221254951738891,1485,ok,178.19,189.36,435.56,344.73,178.1443875527685,188.62503752445608,436.1907794226634,347.0108734139042,176.56551023311505,192.04923597391138,432.28045268438166,351.9074297823812
000032,1,Car,9.275570063343816,0.0,0,-0.5,0.9812337248216836,0.8764528827983646,1393,ok,776.17,182.37,1014.36,335.44,777.6705926778095,182.02622179328785,1013.5778336703476,336.54253011711035,790.4370986505472,188.09113513575917,1014.1763218578967,340.60312858618846
000032,2,Van,14.905562720004903,0.0,1,-0.5,0.9758648795116649,0.7821743916212357,683,ok,340.65,150.97,489.14,274.11,341.12140444055734,152.555046472,489.5298290328204,274.81708714426026,361.91251057459505,156.04123736415556,489.88940327301106,268.9751832441539
000032,3,Car,13.898881249942386,0.0,1,-0.5,0.9742995924477093,0.7371643379968331,419,ok,711.6,180.21,863.08,273.6,712.314041241092,179.26942630684297,863.7530219875109,274.2565717864618,722.7418722428293,181.67501754526677,841.5853446454998,269.4245187061911
000032,4,Car,20.23326468961448,0.0,2,-0.5,0.9663012576153752,0.6998900915921031,72,ok,709.49,176.89,777.81,234.26,709.9161720281708,177.14060897060267,777.4996493515463,235.37615334215786,716.2851488798213,183.65255589599016,772.7063289654293,232.27316411103672
000032,5,Van,25.46885352739695,0.0,2,-0.5,0.977986335978767,0.4524821003853808,561,ok,119.13,141.28,368.15,230.69,119.5039409132526,142.97603150445732,368.1824370955335,230.56046849929453,209.04524131130478,147.21375449862782,365.4828552950479,211.61296512458128
000032,6,Car,25.887692056264886,0.0,2,-0.5,0.9632107856685036,0.2984946307537914,64,ok,725.15,164.18,806.31,219.41,725.8924318160255,164.95046522737965,806.3297583317685,220.19611296663183,740.60107676486,167.72867417236895,791.0188988849063,194.2667556695492
000032,7,Van,44.74503994857977,0.0,0,-0.5,0.9657722335415692,0.5582177344335211,54,ok,611.72,163.22,643.8,197.13,612.1551095380427,163.6660026079232,643.7350290917562,197.3330109411708,621.1794423481884,167.99066030692276,643.8823566413723,194.89027191663524
000032,8,Van,41.11421165485239,0.0,2,-0.5,0.9690058707868661,0.4563374047086626,149,ok,780.93,147.56,917.34,199.48,781.5408337122395,148.52853011153715,917.339598877495,199.06576546674543,794.2683597953102,151.5048317400592,896.3065974215147,183.17891192730798
000032,9,Car,45.17375676208478,0.0,0,-0.5,0.9628772902070948,0.2147830059557869,30,ok,494.77,173.81,531.54,199.22,494.85283211104957,174.22767368896297,531.7657899049505,199.55264662467962,503.16673061355874,186.8440591293456,525.2215958422204,195.94306201633455
000043,0,Pedestrian,12.847509486277875,0.0,0,-0.5,0.7353322072101504,0.7192893267685152,228,ok,471.56,174.73,502.47,266.4,466.10431265793187,175.05310837460217,507.9994355769062,266.30890104709573,466.0959145501138,176.19820655197427,508.21358430895424,267.15425633285855
000043,1,Pedestrian,12.72912015812562,0.0,0,-0.5,0.9070836411582872,0.8360777592145547,199,ok,441.08,170.15,473.22,268.12,438.92218850599966,170.39824758857097,472.34124713064364,268.36565229836106,436.30399148556296,171.69480886565043,474.2084901382229,268.1759486976192
000043,2,Pedestrian,20.711064675675175,0.0,0,-0.5,0.8114317456189969,0.7345826456975859,91,ok,684.72,161.94,711.08,230.1,680.174033267347,162.01147378875106,712.5665043723657,230.23798851294126,680.8311528286077,167.14898723716854,714.0859479040711,229.12646003381533
000043,3,Pedestrian,20.62876632278334,0.0,0,-0.5,0.7393544676214817,0.710486652097232,93,ok,719.54,160.0,745.42,229.67,712.4257147206886,160.10491809788257,747.366846520692,229.6074026886894,711.6055402015915,161.54146862841296,744.1637252474318,229.013445912325
000048,0,Pedestrian,16.9372843159699,0.0,0,-0.5,0.7428340489657085,0.7196629148621647,105,ok,659.64,160.9,687.89,236.97,650.5185844788841,160.81018381370345,687.488454828534,236.77048279270358,664.4664787058864,168.20538687319575,688.200454140206,234.86628405788164
000048,1,Pedestrian,17.211362525959416,0.0,0,-0.5,0.7343542011568722,0.7035468373277471,204,ok,680.59,157.38,711.83,236.18,672.9630173041974,157.5730134965672,715.4119078679048,236.14191244356445,671.8246734343186,164.5184305058665,712.5489991797899,235.01569282452337
000048,2,Pedestrian,16.627450195384743,0.0,0,-0.5,0.6113620247382592,0.5919292293289029,134,ok,453.2,159.81,482.53,241.31,436.0897053007659,159.9945358993101,483.9688648668152,241.22950966182626,436.9727372261075,166.6228486803093,482.2736126816806,242.7674478949465
000048,3,Cyclist,30.4403301558968,0.0,0,-0.5,0.9556405768602276,0.38111958461426726,30,ok,600.22,162.56,622.05,206.65,600.9738827243284,162.50318019636518,621.9184216677165,206.52977705871808,611.1052644420429,170.50065726515757,623.0447658656827,205.21912038585575
000049,0,Car,21.60752415247985,0.0,0,-0.5,0.9718225938597228,0.7987383422757243,207,ok,595.5,177.15,657.31,227.34,596.1267011954695,177.49598708230516,657.5340999804151,227.74107719295873,600.6411506499848,180.52726961843595,658.3119835398827,224.87927417881022
000049,1,Car,14.431735862327859,0.0,0,-0.5,0.9702037568702869,0.9168130102353654,1037,ok,305.23,179.59,494.97,263.68,305.9072734279399,179.8485057165719,494.5352492375484,265.50033225883084,312.571871105627,178.38494254334282,491.25447082267834,264.9011107478308
000049,2,Car,22.3452746682604,0.0,2,-0.5,0.971827383677246,0.4341945339128748,117,ok,410.09,176.18,514.77,228.78,410.71263166178136,176.5177405326309,514.8405375444082,229.60658515330098,454.85213392997616,177.96292363852703,515.2065057226612,217.9899550547698
000049,3,Car,25.244710337019118,0.0,2,-0.5,0.9655017273894114,0.5360273255684395,50,ok,435.96,173.6,537.84,218.33,436.1481361523229,174.20161855068497,538.1202209207707,219.09865847376818,477.34682950095265,174.35335141997354,537.3241656052601,215.08083633681085
000049,4,Car,32.80861624634602,0.0,2,-0.5,0.9576592442823294,0.0002235606098322357,3,ok,473.64,171.53,556.16,203.86,473.9956656357029,172.1371539478265,556.2318639348146,204.4871588282381,534.4834168683793,189.97878236762773,544.8623017333343,190.03624817533353
000049,5,Van,45.87890582827799,0.0,3,-0.5,0.9643710323511584,0.6765232286743313,66,ok,515.19,156.84,585.71,193.55,515.5508569734449,157.38830591515645,585.753745269618,194.12597743926378,528.9942634361363,159.68261451423322,584.0635644000056,191.4857425236174
000049,6,Pedestrian,5.707845477936487,0.29,3,-0.5,0.7278903057181423,0.6652765415884423,1062,ok,984.43,188.05,1128.77,374.0,951.8577245893068,188.37690056476015,1149.9026379023128,374.0,950.8669743309672,199.4468780623602,1158.40517107051,374.0
000049,7,Car,10.530056979902815,0.0,1,-0.5,0.9821619268017031,0.8725106561138459,702,ok,823.97,189.33,1083.14,327.79,824.9892559490418,188.66136840812115,1082.9232100789143,328.97257126371,836.3288135623136,191.53710367522788,1075.522088808057,333.9280953802792
000049,8,Car,15.530991597447988,0.0,1,-0.5,0.9808795133183608,0.8386621170025792,507,ok,753.34,185.35,885.42,263.59,753.9829653628616,184.85113157996162,885.1799551303761,264.08969234252936,757.929544415805,188.1348792712748,876.0860769593043,266.1010863298889
000049,9,Car,20.710943966898274,0.0,2,-0.5,0.9693536791289407,0.8803779039797833,247,ok,719.83,169.31,816.44,238.11,720.4623798599148,170.46434323421525,816.5518670739141,238.561606198555,728.7186570662175,168.54726901616908,816.8179932425481,236.94843262429396
000049,10,Pedestrian,32.830986887390395,0.0,0,-0.5,0.7023424674735368,0.7952932383043361,36,ok,693.57,173.32,709.9,209.83,687.2543649315686,173.4991322090187,710.3931798026124,209.87935576503313,692.2466766182937,174.28062780613106,710.2881192560898,205.95699616023384
000049,11,Car,33.28710561163286,0.0,2,-0.5,0.9733507704553465,0.48929861972617955,66,ok,776.77,170.97,882.28,211.7,777.2036994081187,171.673094172071,882.1292043899753,211.53851399921675,810.348739641001,172.71530839034418,874.1742191782977,205.66018894610667
000049,12,Car,14.50226189254628,0.07,3,-0.5,0.9812738323888572,0.8023215725029755,373,ok,0.0,178.64,252.92,280.6,0.0,178.47552336549273,252.87598082667043,282.36353137850654,38.85210445661616,180.5221274809457,245.77660968475732,280.510510230896
000049,13,Car,19.08105080963834,0.0,1,-0.5,0.9775133658087097,0.6785852864727345,268,ok,194.14,174.89,341.99,241.74,194.82313020541372,175.1222260726661,341.91417714994725,242.6953142241801,235.13208060173704,178.25078853632667,342.6608328917817,242.40387234849834
000049,14,Car,35.70534273746718,0.0,2,-0.5,0.9709378648491018,0.18711011041054995,8,ok,603.49,171.71,639.3,204.36,603.5915994658061,172.2067624751913,639.1704078604587,204.6134888248586,612.3240208455172,172.04449683246605,639.6528577111231,180.17414546306355
000049,15,Car,23.25483390609359,0.0,2,-0.5,0.9771454613185871,0.15497208301190574,25,ok,287.85,175.62,379.41,228.84,287.93333708106087,176.22506147090235,379.52010940175455,229.3531197010136,320.2213762228899,175.0005961735075,370.95225404765426,190.60143273454537
000049,16,Van,35.61556120574264,0.0,3,-0.5,0.9744531218365056,0.46024227257437356,157,ok,881.73,155.07,1040.99,215.24,882.4211546924689,155.93761639079634,1040.8428904698314,214.88070739981723,890.0197047122085,157.19324211284135,1037.5053776051095,187.09683657486386
000049,17,Car,22.431596019900145,0.38,3,-0.5,0.9681054333598386,0.5267771770152399,45,ok,0.0,170.48,111.64,240.66,0.0,171.4587793236274,111.34649144536374,241.77608472684753,0.0,176.3406177743181,104.43659383378994,215.85975397129837
000061,0,Van,18.858870591846163,0.05,3,-0.5,0.9699866414435606,0.8180751546486179,1028,ok,1054.28,105.67,1241.0,249.94,1056.2277180576414,106.82392060334384,1241.0,251.69360565656783,1060.8553553952806,125.032196347917,1241.0,247.36381375777333
000061,1,Car,14.805975145190539,0.79,3,-0.5,0.8720608278787242,0.8549225083125379,444,ok,0.0,212.28,41.28,328.12,0.0,210.8663552191857,41.35643887064087,343.45560804505067,0.0,216.1262972866422,40.36183786919437,340.64349965945473
000061,2,Car,41.06383688843506,0.0,2,-0.5,0.9727477298770077,0.12117345966696953,8,ok,69.7,217.73,112.22,254.15,69.72294373408414,217.24038583229748,112.252329666391,254.63261097582128,94.07631819106105,240.48261977112924,111.59660169206754,251.19286896788228
000061,3,Car,21.305694074589542,0.14,1,-0.5,0.9591071115636739,0.49415176449692677,129,ok,0.0,218.4,93.89,297.9,0.0,217.75544346188354,93.31368713454773,300.15404000262527,31.096927015136878,225.66831876658048,90.49592053067028,287.7649059409143
000061,4,Misc,37.18469308734442,0.0,3,-0.5,0.9502838542374648,0.8012197784327175,79,ok,879.45,149.53,932.13,173.41,879.827447576867,150.16614786495748,932.2348401781705,173.06631255403633,881.8110575577398,152.9297150234396,931.8419874094956,173.07591662919168
000061,5,Van,43.67330763750325,0.0,3,-0.5,0.9667914579886671,0.38088102697318527,14,ok,884.04,123.51,923.63,169.76,884.5420967539615,123.89551783064833,923.5194726804868,169.31241345732965,887.2933114386078,145.0217522895982,922.5809728437042,164.78524512694705
000001,0,Truck,69.45757410102946,0.0,0,0,0.9378628164093085,0.8921406691371703,73,ok,599.41,156.4,629.75,189.25,599.8492375499051,157.33761579381633,629.8411848342162,189.84501263771423,599.9168089667677,157.2508124300728,629.2703345113813,187.542538281431
000001,1,Car,60.827897382697685,0.0,0,0,0.9805792155970717,0.053628461855220785,9,ok,387.63,181.54,423.81,203.12,387.8809817461105,181.4595996302404,423.7698102507707,203.2919188152593,394.8163248504743,194.88318800662165,405.3845602525575,198.8451733570862
000001,2,Cyclist,46.08813404771341,0.0,3,0,0.9599369505629226,0.5903109060709651,18,ok,676.6,163.95,688.98,193.93,676.8632776535213,164.15631778742335,688.89370790702,194.0951566616923,677.4404045001286,167.83334694250115,687.0652795294741,190.5967915447852
000004,0,Car,41.416147817004905,0.0,0,0,0.9800793602166951,0.5325943822022546,80,ok,280.38,185.1,344.9,215.59,280.6308266234518,184.85277444681324,344.8763067784587,215.83221683311902,286.4767326561562,194.46001905171903,340.7141271519752,213.77745789266294
000004,1,Car,53.62680206762287,0.0,0,0,0.9796579429978688,0.4023372625982136,26,ok,365.14,184.54,406.11,205.2,365.345850196183,184.445901205217,406.0129449490881,205.38101053632593,368.4172114720615,189.326783542226,404.1604214838581,198.8545912827364
000007,0,Car,25.076528866651383,0.0,0,0,0.9667119802019462,0.8600586298266477,195,ok,564.62,174.59,616.43,224.74,565.4822674388488,175.0120260902123,616.6555064316764,224.96047078357958,565.5547623547097,177.84733112477403,615.1229345252905,222.93000672792903
000007,1,Car,48.163697947728224,0.0,0,0,0.9719531768004971,0.34148124579469796,21,ok,481.59,180.09,512.55,202.42,481.8496676318343,179.85710648600008,512.4094386793754,202.53901726391695,482.31299324069187,192.58099152113832,510.3056442768124,201.01458187394533
000007,2,Car,60.72708292022597,0.0,0,0,0.9732200547497134,0.005074180086587753,5,ok,542.05,175.55,565.27,193.79,542.2247136363295,175.73341160107591,565.2443510290931,193.94468803128316,543.5390080878125,187.72998124169993,556.1607146702296,187.9002499518576
000007,3,Cyclist,36.40301361151299,0.0,0,0,0.9790535391453362,0.5168474060266787,26,ok,330.6,176.09,355.61,213.6,330.8419174965761,176.13804376450176,355.49785328558744,213.8147887154328,336.8816864933774,178.4750420561726,351.40701648789,211.85586883578392
000008,0,Car,4.884669896727925,0.88,3,0,0.993376964810551,0.9762046460812723,7006,ok,0.0,192.37,402.31,374.0,0.0,191.3346280888893,402.6967273731604,374.0,0.0,193.3843730772319,409.85700443270974,374.0
000008,1,Car,8.11609512019173,0.0,1,0,0.985383797759683,0.8953176013217123,2032,ok,334.85,178.94,624.5,372.04,335.783058370862,178.69011549395384,624.5448197689615,374.0,356.03836817671174,180.8168195501488,621.291151687921,369.6042081439921
000008,2,Car,7.418099487065404,0.34,3,0,0.9865460364055325,0.8601569793574615,1198,ok,937.29,197.39,1241.0,374.0,938.8093144611796,195.86942796206094,1241.0,374.0,951.227815673143,214.78081177123713,1241.0,374.0
000008,3,Car,14.56231437649936,0.0,1,0,0.9740017462085421,0.8551268543832286,716,ok,597.59,176.18,720.9,261.14,598.0678967121008,176.35120042473784,721.2785777077737,262.63551523939844,604.3254270295178,180.8730047060039,718.0960247547079,259.6162495040361
000008,4,Car,34.01558613341831,0.0,0,0,0.9648126354806893,0.8462507202996988,68,ok,741.18,168.83,792.25,208.43,741.6706475479675,169.3550315585611,792.2887502422866,208.91560853095123,743.0080376799259,170.48643945140952,789.4921557808282,209.76052590118312
000008,5,Car,21.75717123157328,0.0,0,0,0.9711096331637186,0.8608083410416014,246,ok,884.52,178.31,956.41,240.18,885.375574880649,178.2402751822824,956.1167360780912,240.94612760947086,887.1829091928724,183.17003295518182,954.8524461384035,240.6796558874853
000009,0,Car,23.954999478188263,0.0,0,0,0.9691905624919593,0.7978491796043911,221,ok,601.96,177.01,659.15,229.51,602.7258950069524,177.07969187873167,658.7444162269289,230.0091082194858,604.7635033510511,181.40508313793381,659.8597447575478,225.91478390115722
000009,1,Car,66.39593436348343,0.0,2,0,0.9804577106969352,0.16286866602640657,4,ok,600.14,177.09,624.65,193.31,600.2515775209974,177.0745874239214,624.7781213729945,193.45767373211066,605.1366766518606,182.96110351168878,619.3588456180393,187.5137703126416
000009,2,Car,68.31325054482475,0.0,0,0,0.9765780955208441,0.0,1,too_few_points,574.98,178.64,598.45,194.01,575.140095178741,178.51572420211681,598.421445697845,194.12980928858352,,,,
000010,0,Car,7.027616950289763,0.8,0,0,0.984911449570525,0.8836942696078308,2250,ok,1013.39,182.46,1241.0,374.0,1015.2264077150546,181.08362111125447,1241.0,374.0,1012.5918141687371,204.2110319008243,1241.0,374.0
000010,1,Car,12.153505667090464,0.0,0,0,0.9730093784212728,0.8092155129577533,1083,ok,354.43,185.52,549.52,294.49,354.97416944722585,184.7725046188561,549.8571160610747,296.2672535655886,373.1194832159364,189.75302109707513,541.9031593395862,297.9663951756399
000010,2,Pedestrian,24.990228090195576,0.0,2,0,0.6918638501905229,0.2078701201963325,23,ok,859.54,159.8,879.68,221.4,852.9154293879426,159.93130560447275,881.862470097748,221.65420490634102,863.4265764632457,166.42822576356397,877.0809765700474,185.31507967009284
000010,3,Car,17.58300600011272,0.0,0,0,0.9665345171068871,0.813110029103135,372,ok,819.63,178.12,926.85,251.56,820.6326146444272,177.98991240160436,926.213586761583,252.83263871366248,824.8380546260307,184.95637243833878,921.6830529211534,252.1645704170868
000010,4,Car,23.152187801587996,0.0,2,0,0.9658414616932302,0.6130248952607804,51,ok,800.54,178.06,878.75,230.56,801.4463740562173,177.90660108762395,878.7624069725051,231.63916915829682,805.9597544156504,184.19195181585533,861.3505206039276,229.63446360576916
000010,5,Car,23.708471059939736,0.0,0,0,0.9736929947835116,0.8458085148673555,254,ok,558.55,179.04,635.05,230.61,559.1191610178486,179.02753331906058,635.0644622466402,231.59426962806828,565.258105813261,182.12359194969187,634.6048128765336,230.24128264265073
000010,6,Car,29.129059373759393,0.0,2,0,0.9701812852632052,0.5386797332481601,62,ok,598.3,178.68,652.25,218.17,598.9414033395154,178.68843734408998,652.2220242444396,218.87891260401935,620.9423218903618,179.08905499902895,650.3773280281099,218.07832360860132
000010,7,Car,29.64992074188395,0.0,1,0,0.9695534897583151,0.5075870708903774,34,ok,784.59,178.04,839.98,220.1,785.0678221749215,177.99508638777752,840.0357589581953,220.96625830925603,787.5770899122531,181.38608839717418,820.1331094237396,217.70893567990572
000010,8,Car,43.12322460113576,0.0,1,0,0.9731961226235505,0.5764107221386731,22,ok,663.74,175.36,707.21,204.15,664.2152127096258,175.4288940904289,707.2008538336105,204.5477423570668,670.932262097105,180.7716265702029,703.451605047544,202.9546937124235
000011,0,Pedestrian,13.487212462180612,0.0,1,0,0.7617231065164821,0.8326674779201607,168,ok,883.68,144.15,937.35,259.01,872.3139701353475,144.4122272280948,942.4710022834482,259.3021124565615,884.8191050346417,152.8396740468932,940.1741748730583,255.13303363551
000011,1,Pedestrian,14.559921016269284,0.0,2,0,0.9708695625871554,0.5100174478600795,35,ok,873.7,152.1,933.44,256.07,874.9735414851298,152.23039459628572,933.2053602827806,256.3624767733045,893.3832733869692,168.29466277433514,931.8146719746335,250.72215867617592
000011,2,Car,27.157706088696077,0.0,0,0,0.9622486896042994,0.8708779911390988,214,ok,444.29,171.04,504.95,225.82,445.02358593009217,171.9676073863049,504.8867768841907,226.27600114783556,445.9614242216903,175.3337380283181,503.4321253596556,225.6878862041495
000011,3,Pedestrian,34.1870048410211,0.0,0,0,0.6641050054820695,0.7811522809978524,40,ok,649.28,168.1,664.61,206.4,645.966167796266,168.34718204537592,668.9003652613195,206.4828304989361,649.310900274858,171.69328227634452,664.3389991138996,202.21244335088326
000011,4,Car,6.8332861786990895,0.98,0,0,0.982799839978754,0.8465824429137003,3567,ok,0.0,217.12,85.92,374.0,0.0,214.96720042586304,85.59656521482813,374.0,0.0,237.0366315249821,88.9962893082815,374.0
000011,5,Pedestrian,17.91347258350541,0.0,0,0,0.7876745079392184,0.8838711655321084,88,ok,240.35,190.31,268.02,261.61,236.3630222171076,190.70010149639117,271.28204395022004,261.7267221369062,239.7837076287077,192.99995408485952,268.40937392312475,258.00436680158947
000012,0,Car,59.13815773255031,0.0,0,0,0.9702557474704571,0.23265973774809343,14,ok,662.2,185.85,690.21,205.03,662.4127626428843,185.68958356531368,690.1349186753105,205.2584181947708,673.2026805177657,191.50124010407853,688.8375113941062,199.49571159446614
000012,1,Van,66.37461035667177,0.0,0,0,0.9726182775303641,0.48469567917050194,39,ok,448.07,177.14,481.6,206.41,448.50409396229236,177.2017166271295,481.48319608898134,206.68163281568044,451.3863162517128,179.8724441330774,477.32086770268677,198.21444387451714
000015,0,Car,5.221350400040204,0.89,0,0,0.9912411296450793,0.9142599433125991,6240,ok,0.0,194.7,414.71,373.0,0.0,196.22647532011217,414.79338274711637,373.0,0.0,207.38863555216795,421.82803804308844,373.0
000015,1,Pedestrian,9.052043968077044,0.0,1,0,0.572380053604775,0.6093244760887498,427,ok,1021.76,133.28,1101.39,316.63,987.8187161307981,132.6542849670998,1126.330933889528,316.3193805641278,1015.4945686126782,155.31106527717589,1133.97670837198,318.43898785861387
000015,2,Pedestrian,24.305951945974055,0.0,0,0,0.5880880804465123,0.5637414123319334,71,ok,672.23,171.73,690.13,224.33,662.7646074562543,171.758261147998,688.3457420920323,224.2461682919993,662.389138371309,176.31358131312086,688.8966008504156,224.53776125123596
000015,3,Pedestrian,24.483839568172307,0.0,0,0,0.7118486738615575,0.5478655016829599,72,ok,692.68,169.14,712.48,224.03,686.4648321534155,169.0405645070376,714.1820223689004,223.89896771779314,688.6443457413553,176.106703227955,707.4024034764037,224.43436594923733
000015,4,Pedestrian,23.408197282148834,0.0,0,0,0.729137193930143,0.696728842083855,66,ok,537.84,168.08,560.9,224.34,530.9373733624349,168.22327607201495,562.5026878563468,224.34396515400263,538.6399934347357,172.80426707259593,557.031487071659,221.95226357595232
000016,0,Car,44.631107985350305,0.0,2,0,0.9792166491764549,0.39335508829823845,32,ok,661.23,174.85,694.38,197.63,661.3091206048756,175.0096492086401,694.4038212475683,197.87948218760903,661.5734038558471,185.10175278816368,685.8521311152031,198.37606582558126
000016,1,Truck,28.136895706527397,0.0,2,0,0.9573142425561406,0.5331603472953573,1981,ok,125.12,91.71,474.04,253.26,126.11973549516009,94.7550443077408,473.48420706449025,256.5591101915768,130.85181709352796,145.13915690310736,465.9864756858719,234.81414439841825
000016,2,Car,33.47478752733168,0.0,0,0,0.9602189787890513,0.7183134778546392,86,ok,684.49,172.19,733.85,205.26,684.9527530538684,172.6122524346565,733.6702373170714,205.7541675881495,687.5989999049324,178.80344873752173,732.6902998348736,205.89081537719443
000016,3,Car,7.270508923039706,0.5,0,0,0.9953459048459267,0.9082233957410784,2454,ok,0.0,193.56,386.2,374.0,0.0,192.8194670923925,385.97929031589484,374.0,0.0,209.43594233251125,387.96801330273763,374.0
000016,4,Car,47.221576636109894,0.0,0,0,0.9752310914029001,0.15824129184167623,14,ok,494.45,181.84,527.48,205.27,494.6974708050685,181.78934171892882,527.3061219977037,205.51166864492288,496.71416264567284,196.12139379946626,523.45023634281,200.7017900697015
000016,5,Tram,90.98314239462165,0.0,2,0,0.941131627814431,0.0,0,too_few_points,587.32,158.63,648.66,188.51,587.4756981077165,159.48128460575722,648.8090390166839,189.32574468416112,,,,
000019,0,Truck,6.5569352597078465,0.74,1,0,0.9976527204689122,0.7397512141948629,8851,ok,0.0,0.0,424.74,374.0,0.0,0.0,425.73932921304083,374.0,0.0,97.1838773812187,425.0494020923484,374.0
000019,1,Car,10.25674899761128,0.0,0,0,0.9758631367180104,0.8838220251254705,1332,ok,742.41,184.49,944.56,321.39,743.7322163121494,183.40463196053423,944.6047742712759,322.75830229298236,752.1715067206535,186.55101891325046,939.4647640099787,326.19412256961743
000019,2,Van,35.471560439315326,0.0,0,0,0.9578886787066023,0.7251610377051966,109,ok,639.17,169.69,683.48,212.97,639.7595342347978,170.45102591526881,683.3328844464912,213.34653029045444,642.5727040473641,174.9916087309013,681.334782319695,210.868632613961
000019,3,Car,59.7673907745687,0.0,0,0,0.9673706713528771,0.46152764253986284,20,ok,551.01,184.06,575.42,204.29,551.2956464910102,183.8666357348598,575.2628965325001,204.40528059745017,553.349300181966,187.55653199050047,570.527087954457,200.82418628626795
000021,0,Cyclist,4.499388847388055,0.89,0,0,0.9609386273004766,0.9375755026207744,1760,ok,1056.16,190.5,1241.0,374.0,1061.6485899814204,188.65642136487105,1241.0,374.0,1061.1651765326562,197.16652278285528,1241.0,374.0
000021,1,Car,13.730833914952145,0.0,0,0,0.9768652908104368,0.8794298478707618,881,ok,359.43,179.3,516.3,270.97,359.42946723924905,178.97950068867502,516.377331251277,272.7739287470463,363.81098167426944,183.17980120608837,511.5539251272794,273.4632061772501
000021,2,Car,17.852240755714675,0.0,1,0,0.9556539485817545,0.630711027529661,256,ok,444.13,163.92,559.2,247.04,445.3438813548979,165.33209387847134,558.9621845908925,248.35744891820576,478.27113917940943,167.57176991925257,554.6881122094283,246.5137910409654
000021,3,Van,23.95364064187321,0.0,1,0,0.9740971552771425,0.7378635546316743,984,ok,870.59,115.22,1101.06,213.85,871.8653573460442,116.44459782312494,1100.7730465350082,213.1755201496682,876.8270032135075,137.061108987953,1098.8063738673961,212.62022683652458
000021,4,Car,26.519609725635103,0.0,0,0,0.966089712612265,0.8730021890242221,184,ok,724.49,171.09,790.5,215.13,724.7563002323275,171.9403467399762,790.556717720553,215.5795985395809,729.8261121513357,171.98391337545095,790.523083511733,216.62246831705676
000021,5,Car,26.92237359520887,0.0,1,0,0.9572550766705945,0.612523643896167,130,ok,534.25,166.2,596.08,216.76,535.0111219799,167.0202108849874,595.915376385145,217.39233896850016,551.3570766153541,171.06840196004586,594.1660677540135,218.33068938113453
000021,6,Car,32.63841601548703,0.0,2,0,0.960326484610934,0.8572066478289985,55,ok,709.81,162.43,765.7,205.68,710.2848767352785,163.1935186832409,765.5014543187472,206.14422748078974,712.7998528339831,164.64034006818505,763.3913164921332,205.5973749232339
000021,7,Car,31.832576081743685,0.0,2,0,0.9754137973252115,0.25749000644166503,31,ok,562.02,166.42,605.57,206.89,562.3024472513196,166.8479980321676,605.6306380533558,207.15062963165815,588.5302426187603,171.77891140999938,601.5838375450459,206.54466199295916
000023,0,Truck,69.30794254629119,0.0,0,0,0.9178828944414382,0.8502771476495815,78,ok,599.21,156.67,629.63,189.6,599.9569369496087,157.64681469393744,630.0198696423093,190.22487300273383,600.0267667854938,157.2413237320198,628.1307795019404,187.5483352564935
000023,1,Car,57.5697507376921,0.0,0,0,0.9821580102147335,0.07405960717876722,13,ok,372.95,182.64,412.21,205.68,373.1396449843585,182.4820508295903,412.1340955212618,205.7836972103021,377.3037707241762,194.82121187645453,393.5431834272111,198.94640091638067
000023,2,Cyclist,45.014563199035926,0.0,3,0,0.9779735140244343,0.7065075689804278,21,ok,677.94,164.64,690.85,195.36,678.1378184454799,164.7667944800857,690.8494130317056,195.4427587791681,678.6362293448409,167.71093236363765,689.257127382613,194.09264788569735
000025,0,Car,4.311252718178325,0.94,3,0,0.9856064839830768,0.8849352397147929,1639,ok,896.11,218.17,1241.0,374.0,898.5029003166934,216.98302958382394,1241.0,374.0,890.2737752959938,234.00412234137187,1241.0,374.0
000025,1,Car,10.775778394157891,0.0,0,0,0.9742745637668554,0.8717778000152864,1211,ok,351.84,183.19,537.77,308.64,351.7666609883152,182.21023161523294,538.1847944063541,310.63553951776197,348.95279482293864,191.40455132760823,531.3796195907971,311.2757607255253
000025,2,Car,30.240755612252812,0.0,0,0,0.9669282727866185,0.7012572943153406,73,ok,562.48,173.46,618.49,217.36,562.8961453665445,173.96220737936218,618.3098523894125,217.8697250443342,565.8448562030788,179.59114841216203,612.6683548280016,218.70583692652
000025,3,Car,17.940526748119744,0.0,0,0,0.9751509760069702,0.7865711434224247,327,ok,724.21,178.91,805.39,249.94,725.107421124518,178.98822669072274,805.3517843060697,250.84158412620693,729.520491431869,186.131776963348,801.2119026421301,250.630949508668
000025,4,Cyclist,44.75969392209916,0.0,3,0,0.9524540462083634,0.8152207056596344,22,ok,650.19,175.43,659.99,205.2,650.5437383040933,175.55904926698628,659.9504092361298,205.3058116824079,650.3614632472862,176.51842116985478,659.1683927218019,203.52413078540212
000025,5,Car,22.771293331736782,0.0,1,0,0.9728015225905532,0.2688572121087975,41,ok,720.81,187.01,779.98,236.22,721.1333059631885,186.67116853149815,780.0457783260022,236.9304858242921,721.243544529868,189.03483027606435,737.9809301216412,237.75553577230377
000031,0,Car,12.73406847790603,0.0,0,0,0.9764220979806445,0.8975113061990534,1170,ok,334.28,180.65,490.02,297.48,335.7273438441271,179.98405255694783,490.0223086671438,298.5374760804724,338.54950370216227,184.93426860512147,486.5588589182941,299.94544133694325
000031,1,Car,9.180201522842514,0.0,0,0,0.9908609426857024,0.9236182084981797,1162,ok,785.85,179.67,1028.82,340.75,786.7491195548324,179.3046239343149,1028.728879630269,341.21114269259,795.0990423264724,181.61439067219607,1028.5210572392218,345.37699797825513
000031,2,Car,13.55821522177606,0.0,1,0,0.978203384985609,0.7609643254686066,590,ok,711.98,179.65,848.82,277.62,713.0546386126352,179.1224587910857,849.175673072752,278.2403169952203,712.7193735427635,186.47382556253712,825.2170164546578,278.22834708693745
000031,3,Truck,22.591451923238576,0.0,2,0,0.9749500890581079,0.7940363417385566,362,ok,445.91,131.69,539.77,228.36,446.41317124655757,132.98454455565914,539.7122187552809,228.93476767171188,448.2226495584812,146.95787607159164,539.6362742056,225.77157649558728
000031,4,Car,26.60241154482052,0.0,0,0,0.9753634061961808,0.872525951364781,164,ok,660.82,178.72,713.09,222.03,661.2641280806298,178.71072078852194,712.8565615531642,222.54589034184696,662.3287448928388,182.07994764145153,712.0308200797876,222.26899414263556
000031,5,Van,51.96460911043207,0.0,0,0,0.9697643693994995,0.7548817480245872,37,ok,620.95,171.59,649.36,200.46,621.2906993658673,171.97754619301378,649.3347837026845,200.58379695868027,625.1783781323742,173.8083408339096,649.2523002224899,199.5271047437674
000032,0,Car,9.801535593977098,0.0,0,0,0.9783876372773933,0.9043317003401858,1510,ok,178.19,189.36,435.56,344.73,178.1443875527685,188.62503752445608,436.1907794226634,347.0108734139042,190.75557036711334,192.15491672715015,435.21593079405017,349.8709495316859
000032,1,Car,9.275570063343816,0.0,0,0,0.9812337248216836,0.8996841024993691,1417,ok,776.17,182.37,1014.36,335.44,777.6705926778095,182.02622179328785,1013.5778336703476,336.54253011711035,783.5958326414112,188.13050635178283,1012.670533232431,340.0137515926416
000032,2,Van,14.905562720004903,0.0,1,0,0.9758648795116649,0.8116608405767506,842,ok,340.65,150.97,489.14,274.11,341.12140444055734,152.555046472,489.5298290328204,274.81708714426026,355.5018561489707,156.05096574825387,486.6459560321408,269.2185885882635
000032,3,Car,13.898881249942386,0.0,1,0,0.9742995924477093,0.7120484852137369,418,ok,711.6,180.21,863.08,273.6,712.314041241092,179.26942630684297,863.7530219875109,274.2565717864618,719.5204087478614,181.73977793985833,834.5200906745749,269.3326163220244
000032,4,Car,20.23326468961448,0.0,2,0,0.9663012576153752,0.661576168853039,71,ok,709.49,176.89,777.81,234.26,709.9161720281708,177.14060897060267,777.4996493515463,235.37615334215786,712.6165439842191,183.71430469803008,766.0143167633313,232.27550550967382
000032,5,Van,25.46885352739695,0.0,2,0,0.977986335978767,0.4816806883342176,603,ok,119.13,141.28,368.15,230.69,119.5039409132526,142.97603150445732,368.1824370955335,230.56046849929453,200.6809440813585,147.11850620022872,366.4357017446156,211.819887978007
000032,6,Car,25.887692056264886,0.0,2,0,0.9632107856685036,0.38568800729317826,75,ok,725.15,164.18,806.31,219.41,725.8924318160255,164.95046522737965,806.3297583317685,220.19611296663183,734.0374108548972,167.82158404627802,799.2995400015325,194.31219522393926
000032,7,Van,44.74503994857977,0.0,0,0,0.9657722335415692,0.6786770912743503,67,ok,611.72,163.22,643.8,197.13,612.1551095380427,163.6660026079232,643.7350290917562,197.3330109411708,614.8412332323909,168.01556643159523,642.2469648732449,194.95471953182692
000032,8,Van,41.11421165485239,0.0,2,0,0.9690058707868661,0.4526168268394274,155,ok,780.93,147.56,917.34,199.48,781.5408337122395,148.52853011153715,917.339598877495,199.06576546674543,787.5348427680212,151.65454938359443,889.0001809885083,183.2477685998239
000032,9,Car,45.17375676208478,0.0,0,0,0.9628772902070948,0.500606143091869,40,ok,494.77,173.81,531.54,199.22,494.85283211104957,174.22767368896297,531.7657899049505,199.55264662467962,496.6822040382211,182.60480934459883,531.5210666047747,196.0303103687811
000043,0,Pedestrian,12.847509486277875,0.0,0,0,0.7353322072101504,0.7158345447771574,196,ok,471.56,174.73,502.47,266.4,466.10431265793187,175.05310837460217,507.9994355769062,266.30890104709573,465.8361025061584,176.25980602485453,508.1104522948034,267.2133175387555
000043,1,Pedestrian,12.72912015812562,0.0,0,0,0.9070836411582872,0.8422942335269071,208,ok,441.08,170.15,473.22,268.12,438.92218850599966,170.39824758857097,472.34124713064364,268.36565229836106,437.14113253475426,171.74722337416253,474.74170286282697,268.1826626882726
000043,2,Pedestrian,20.711064675675175,0.0,0,0,0.8114317456189969,0.7051471563819144,97,ok,684.72,161.94,711.08,230.1,680.174033267347,162.01147378875106,712.5665043723657,230.23798851294126,681.3334823961678,167.23056679952356,707.5800175966274,229.11678687162458
000043,3,Pedestrian,20.62876632278334,0.0,0,0,0.7393544676214817,0.762020014218744,98,ok,719.54,160.0,745.42,229.67,712.4257147206886,160.10491809788257,747.366846520692,229.6074026886894,712.7972567365042,161.63668387872727,745.8785495298765,229.0128992468333
000048,0,Pedestrian,16.9372843159699,0.0,0,0,0.7428340489657085,0.8002679827912096,130,ok,659.64,160.9,687.89,236.97,650.5185844788841,160.81018381370345,687.488454828534,236.77048279270358,658.0561306507724,168.22922663259064,689.409131709104,239.0213350395269
000048,1,Pedestrian,17.211362525959416,0.0,0,0,0.7343542011568722,0.7488695556843431,155,ok,680.59,157.38,711.83,236.18,672.9630173041974,157.5730134965672,715.4119078679048,236.14191244356445,673.8624941952318,164.60466346048605,711.8653792368735,235.03321266959995
000048,2,Pedestrian,16.627450195384743,0.0,0,0,0.6113620247382592,0.6877450314409734,135,ok,453.2,159.81,482.53,241.31,436.0897053007659,159.9945358993101,483.9688648668152,241.22950966182626,443.49832888940983,166.67015422218768,482.761733713828,242.6169224617439
000048,3,Cyclist,30.4403301558968,0.0,0,0,0.9556405768602276,0.5323781798917038,42,ok,600.22,162.56,622.05,206.65,600.9738827243284,162.50318019636518,621.9184216677165,206.52977705871808,604.7818269596344,170.57052816661383,619.5437672104854,205.2818089367735
000049,0,Car,21.60752415247985,0.0,0,0,0.9718225938597228,0.8566875296029757,213,ok,595.5,177.15,657.31,227.34,596.1267011954695,177.49598708230516,657.5340999804151,227.74107719295873,596.4060719843313,180.5946000649702,656.318839336376,224.9533199234713
000049,1,Car,14.431735862327859,0.0,0,0,0.9702037568702869,0.9063547730504798,1079,ok,305.23,179.59,494.97,263.68,305.9072734279399,179.8485057165719,494.5352492375484,265.50033225883084,307.9610727043915,178.4482509073577,484.6415630492248,265.01089634303764
000049,2,Car,22.3452746682604,0.0,2,0,0.971827383677246,0.5143068677934934,140,ok,410.09,176.18,514.77,228.78,410.71263166178136,176.5177405326309,514.8405375444082,229.60658515330098,448.16872422105496,178.02663732892015,511.28689457910417,222.89264028116872
000049,3,Car,25.244710337019118,0.0,2,0,0.9655017273894114,0.5770929039587371,85,ok,435.96,173.6,537.84,218.33,436.1481361523229,174.20161855068497,538.1202209207707,219.09865847376818,470.7565223333009,174.41285507953575,530.8842555934712,218.64045848954905
000049,4,Car,32.80861624634602,0.0,2,0,0.9576592442823294,0.08835314424100342,20,ok,473.64,171.53,556.16,203.86,473.9956656357029,172.1371539478265,556.2318639348146,204.4871588282381,528.0549663151662,184.91537504259438,554.6225375347518,193.78765178716588
000049,5,Van,45.87890582827799,0.0,3,0,0.9643710323511584,0.7251052708032946,80,ok,515.19,156.84,585.71,193.55,515.5508569734449,157.38830591515645,585.753745269618,194.12597743926378,522.5761569415532,159.7406540935595,581.5743290022177,191.5576516098297
000049,6,Pedestrian,5.707845477936487,0.29,3,0,0.7278903057181423,0.6409484577113561,1156,ok,984.43,188.05,1128.77,374.0,951.8577245893068,188.37690056476015,1149.9026379023128,374.0,948.6241445715941,199.41765287229498,1164.423189332738,374.0
000049,7,Car,10.530056979902815,0.0,1,0,0.9821619268017031,0.8682147611054932,678,ok,823.97,189.33,1083.14,327.79,824.9892559490418,188.66136840812115,1082.9232100789143,328.97257126371,829.2817947417241,191.5626376575636,1066.4585036051858,333.3958098048179
000049,8,Car,15.530991597447988,0.0,1,0,0.9808795133183608,0.8026458302592683,498,ok,753.34,185.35,885.42,263.59,753.9829653628616,184.85113157996162,885.1799551303761,264.08969234252936,756.0395939593827,188.18278223751776,868.834748998538,265.9214368296436
000049,9,Car,20.710943966898274,0.0,2,0,0.9693536791289407,0.8856202359042324,252,ok,719.83,169.31,816.44,238.11,720.4623798599148,170.46434323421525,816.5518670739141,238.561606198555,724.5660262870222,168.64190257961818,812.4073895052867,236.9146688786421
000049,10,Pedestrian,32.830986887390395,0.0,0,0,0.7023424674735368,0.6235423064246667,43,ok,693.57,173.32,709.9,209.83,687.2543649315686,173.4991322090187,710.3931798026124,209.87935576503313,690.4404379391498,174.35466723779035,707.2742761314895,205.98620560365373
000049,11,Car,33.28710561163286,0.0,2,0,0.9733507704553465,0.5633191717584378,76,ok,776.77,170.97,882.28,211.7,777.2036994081187,171.673094172071,882.1292043899753,211.53851399921675,803.5302361156859,172.80324536849795,868.5456456898684,210.03780847572696
000049,12,Car,14.50226189254628,0.07,3,0,0.9812738323888572,0.8288541643333915,470,ok,0.0,178.64,252.92,280.6,0.0,178.47552336549273,252.87598082667043,282.36353137850654,28.353762846029227,180.59101812016837,243.23607714746356,281.2507341050538
000049,13,Car,19.08105080963834,0.0,1,0,0.9775133658087097,0.6906096479342843,369,ok,194.14,174.89,341.99,241.74,194.82313020541372,175.1222260726661,341.91417714994725,242.6953142241801,226.98687655578098,178.3102160726352,335.798477407496,242.75226064975885
000049,14,Car,35.70534273746718,0.0,2,0,0.9709378648491018,0.2066788690603847,9,ok,603.49,171.71,639.3,204.36,603.5915994658061,172.2067624751913,639.1704078604587,204.6134888248586,605.9772014214795,172.11351448917316,635.7087169592919,180.24119334974228
000049,15,Car,23.25483390609359,0.0,2,0,0.9771454613185871,0.1571245770038096,28,ok,287.85,175.62,379.41,228.84,287.93333708106087,176.22506147090235,379.52010940175455,229.3531197010136,312.8007317000452,175.0508383259886,363.86714656561475,190.70245917061246
000049,16,Van,35.61556120574264,0.0,3,0,0.9744531218365056,0.468025273085928,272,ok,881.73,155.07,1040.99,215.24,882.4211546924689,155.93761639079634,1040.8428904698314,214.88070739981723,882.7492009807894,157.08951821069851,1032.03044541811,187.13303590947805
000049,17,Car,22.431596019900145,0.38,3,0,0.9681054333598386,0.48196448277841325,59,ok,0.0,170.48,111.64,240.66,0.0,171.4587793236274,111.34649144536374,241.77608472684753,0.0,176.38093259607055,94.8913892680754,216.17528318802138
000061,0,Van,18.858870591846163,0.05,3,0,0.9699866414435606,0.8138954826636556,1021,ok,1054.28,105.67,1241.0,249.94,1056.2277180576414,106.82392060334384,1241.0,251.69360565656783,1060.9809201266005,125.51436840816496,1240.9608159618635,247.3323817033557
000061,1,Car,14.805975145190539,0.79,3,0,0.8720608278787242,0.7706266631873026,462,ok,0.0,212.28,41.28,328.12,0.0,210.8663552191857,41.35643887064087,343.45560804505067,0.0,223.68404868441127,38.86906230511863,340.61558556649976
000061,2,Car,41.06383688843506,0.0,2,0,0.9727477298770077,0.1713781040176135,10,ok,69.7,217.73,112.22,254.15,69.72294373408414,217.24038583229748,112.252329666391,254.63261097582128,84.43399519888908,240.92064156171088,109.04529118251571,251.70400015815332
000061,3,Car,21.305694074589542,0.14,1,0,0.9591071115636739,0.590877062674486,150,ok,0.0,218.4,93.89,297.9,0.0,217.75544346188354,93.31368713454773,300.15404000262527,20.55073886651616,226.0301685833146,91.06833017072073,288.5742372034005
000061,4,Misc,37.18469308734442,0.0,3,0,0.9502838542374648,0.8149758524925158,89,ok,879.45,149.53,932.13,173.41,879.827447576867,150.16614786495748,932.2348401781705,173.06631255403633,880.425147245942,153.0223544565845,931.4966873715923,173.09690705382056
000061,5,Van,43.67330763750325,0.0,3,0,0.9667914579886671,0.01929839263176247,16,ok,884.04,123.51,923.63,169.76,884.5420967539615,123.89551783064833,923.5194726804868,169.31241345732965,885.9393075075357,145.03508949556792,923.1748720288342,145.9840768696755
000001,0,Truck,69.45757410102946,0.0,0,0.5,0.9378628164093085,0.6073495187403074,57,ok,599.41,156.4,629.75,189.25,599.8492375499051,157.33761579381633,629.8411848342162,189.84501263771423,599.3866019065608,157.3181442749301,622.9442339556286,183.0547872205208
000001,1,Car,60.827897382697685,0.0,0,0.5,0.9805792155970717,0.05405901091121375,7,ok,387.63,181.54,423.81,203.12,387.8809817461105,181.4595996302404,423.7698102507707,203.2919188152593,387.91005144081254,194.98726614557285,398.53255434164447,198.96065656144006
000001,2,Cyclist,46.08813404771341,0.0,3,0.5,0.9599369505629226,0.1458133681939295,9,ok,676.6,163.95,688.98,193.93,676.8632776535213,164.15631778742335,688.89370790702,194.0951566616923,677.5866403948721,167.91090577223278,680.6656311878556,185.48776299460198
000004,0,Car,41.416147817004905,0.0,0,0.5,0.9800793602166951,0.5152318638197887,71,ok,280.38,185.1,344.9,215.59,280.6308266234518,184.85277444681324,344.8763067784587,215.83221683311902,280.2220900036637,194.5761730551794,333.46968339046146,213.69716553548034
000004,1,Car,53.62680206762287,0.0,0,0.5,0.9796579429978688,0.49899501849317013,19,ok,365.14,184.54,406.11,205.2,365.345850196183,184.445901205217,406.0129449490881,205.38101053632593,367.70557129402914,189.41739738186516,399.0147008315494,202.90769396600376
000007,0,Car,25.076528866651383,0.0,0,0.5,0.9667119802019462,0.8903895244347233,181,ok,564.62,174.59,616.43,224.74,565.4822674388488,175.0120260902123,616.6555064316764,224.96047078357958,564.3860668497617,177.9142423646474,616.7782011255764,223.01851673497706
000007,1,Car,48.163697947728224,0.0,0,0.5,0.9719531768004971,0.24032934643451995,15,ok,481.59,180.09,512.55,202.42,481.8496676318343,179.85710648600008,512.4094386793754,202.53901726391695,484.0084409539996,192.66438384293465,503.8444157849581,201.04050463992317
000007,2,Car,60.72708292022597,0.0,0,0.5,0.9732200547497134,0.0005746594340417096,3,ok,542.05,175.55,565.27,193.79,542.2247136363295,175.73341160107591,565.2443510290931,193.94468803128316,545.1998419226051,187.80193718616695,549.7950679285641,187.85490239806958
000007,3,Cyclist,36.40301361151299,0.0,0,0.5,0.9790535391453362,0.3773458611731216,21,ok,330.6,176.09,355.61,213.6,330.8419174965761,176.13804376450176,355.49785328558744,213.8147887154328,333.6571088395035,178.53589667171966,344.226943191383,212.02720901992825
000008,0,Car,4.884669896727925,0.88,3,0.5,0.993376964810551,0.9740688767107444,6927,ok,0.0,192.37,402.31,374.0,0.0,191.3346280888893,402.6967273731604,374.0,0.0,193.55337308143623,410.3817163463349,374.0
000008,1,Car,8.11609512019173,0.0,1,0.5,0.985383797759683,0.9248318102757431,2051,ok,334.85,178.94,624.5,372.04,335.783058370862,178.69011549395384,624.5448197689615,374.0,348.6507408044139,180.8861646826936,622.9544800721352,369.46234641402606
000008,2,Car,7.418099487065404,0.34,3,0.5,0.9865460364055325,0.8818111511810413,1197,ok,937.29,197.39,1241.0,374.0,938.8093144611796,195.86942796206094,1241.0,374.0,944.146004250166,214.66650967711294,1241.0,374.0
000008,3,Car,14.56231437649936,0.0,1,0.5,0.9740017462085421,0.8407294309164236,707,ok,597.59,176.18,720.9,261.14,598.0678967121008,176.35120042473784,721.2785777077737,262.63551523939844,599.669956415428,180.94063075045946,711.5584307459762,259.6603796753588
000008,4,Car,34.01558613341831,0.0,0,0.5,0.9648126354806893,0.6833515274689239,53,ok,741.18,168.83,792.25,208.43,741.6706475479675,169.3550315585611,792.2887502422866,208.91560853095123,742.9600031542175,170.57056769886978,780.3638919966594,209.76407652649843
000008,5,Car,21.75717123157328,0.0,0,0.5,0.9711096331637186,0.8288019709235116,237,ok,884.52,178.31,956.41,240.18,885.375574880649,178.2402751822824,956.1167360780912,240.94612760947086,887.3935107302697,183.22688004444618,952.6179225911303,240.70461902083161
000009,0,Car,23.954999478188263,0.0,0,0.5,0.9691905624919593,0.8355774935175672,212,ok,601.96,177.01,659.15,229.51,602.7258950069524,177.07969187873167,658.7444162269289,230.0091082194858,601.3156614263817,181.4720687907369,658.8613606911803,225.98357551577826
000009,1,Car,66.39593436348343,0.0,2,0.5,0.9804577106969352,0.13594275348694884,3,ok,600.14,177.09,624.65,193.31,600.2515775209974,177.0745874239214,624.7781213729945,193.45767373211066,601.0928777733992,183.0277148113002,613.0357126988226,187.55296707010407
000009,2,Car,68.31325054482475,0.0,0,0.5,0.9765780955208441,0.0,1,too_few_points,574.98,178.64,598.45,194.01,575.140095178741,178.51572420211681,598.421445697845,194.12980928858352,,,,
000010,0,Car,7.027616950289763,0.8,0,0.5,0.984911449570525,0.8762234568134194,2204,ok,1013.39,182.46,1241.0,374.0,1015.2264077150546,181.08362111125447,1241.0,374.0,1010.2564004069693,204.11882723543312,1241.0,374.0
000010,1,Car,12.153505667090464,0.0,0,0.5,0.9730093784212728,0.8101032820402748,1075,ok,354.43,185.52,549.52,294.49,354.97416944722585,184.7725046188561,549.8571160610747,296.2672535655886,365.9377425771179,189.83517521609124,535.4099511980779,298.23487031740444
000010,2,Pedestrian,24.990228090195576,0.0,2,0.5,0.6918638501905229,0.14950880753646822,23,ok,859.54,159.8,879.68,221.4,852.9154293879426,159.93130560447275,881.862470097748,221.65420490634102,856.3046728491865,166.5396189325281,869.8753905373687,185.3672912607068
000010,3,Car,17.58300600011272,0.0,0,0.5,0.9665345171068871,0.8207250020392676,328,ok,819.63,178.12,926.85,251.56,820.6326146444272,177.98991240160436,926.213586761583,252.83263871366248,822.7280319357038,185.00929452102972,920.3411123415899,251.9798587390452
000010,4,Car,23.152187801587996,0.0,2,0.5,0.9658414616932302,0.6364296784109276,33,ok,800.54,178.06,878.75,230.56,801.4463740562173,177.90660108762395,878.7624069725051,231.63916915829682,806.4871590494994,179.95657311243804,859.146483214855,229.5811403038347
000010,5,Car,23.708471059939736,0.0,0,0.5,0.9736929947835116,0.9272518773327436,252,ok,558.55,179.04,635.05,230.61,559.1191610178486,179.02753331906058,635.0644622466402,231.59426962806828,558.8525391985497,182.19089872772233,635.1036665984278,230.23051249044246
000010,6,Car,29.129059373759393,0.0,2,0.5,0.9701812852632052,0.6428218107432859,69,ok,598.3,178.68,652.25,218.17,598.9414033395154,178.68843734408998,652.2220242444396,218.87891260401935,614.5874544651571,179.15648226344655,649.7205747166466,218.13743633382265
000010,7,Car,29.64992074188395,0.0,1,0.5,0.9695534897583151,0.33163643108777235,19,ok,784.59,178.04,839.98,220.1,785.0678221749215,177.99508638777752,840.0357589581953,220.96625830925603,791.93982311955,181.45074883738158,813.25881595504,217.69141588159914
000010,8,Car,43.12322460113576,0.0,1,0.5,0.9731961226235505,0.5749217085420073,24,ok,663.74,175.36,707.21,204.15,664.2152127096258,175.4288940904289,707.2008538336105,204.5477423570668,664.5534645547407,180.8382153527499,697.0164075325108,203.00241858383868
000011,0,Pedestrian,13.487212462180612,0.0,1,0.5,0.7617231065164821,0.7892101792039315,170,ok,883.68,144.15,937.35,259.01,872.3139701353475,144.4122272280948,942.4710022834482,259.3021124565615,878.1669567426736,153.00652809049672,939.4443092120468,255.07287111102033
000011,1,Pedestrian,14.559921016269284,0.0,2,0.5,0.9708695625871554,0.5928718835645497,37,ok,873.7,152.1,933.44,256.07,874.9735414851298,152.23039459628572,933.2053602827806,256.3624767733045,886.017140464251,168.40602439157738,930.5849819840364,251.0312229012856
000011,2,Car,27.157706088696077,0.0,0,0.5,0.9622486896042994,0.8435821255754943,196,ok,444.29,171.04,504.95,225.82,445.02358593009217,171.9676073863049,504.8867768841907,226.27600114783556,445.8544323385198,175.39346815838235,501.6339321331542,225.64822633469961
000011,3,Pedestrian,34.1870048410211,0.0,0,0.5,0.6641050054820695,0.3731662043422733,30,ok,649.28,168.1,664.61,206.4,645.966167796266,168.34718204537592,668.9003652613195,206.4828304989361,645.2636450862959,171.76472518825275,657.9612305787219,202.26964284871823
000011,4,Car,6.8332861786990895,0.98,0,0.5,0.982799839978754,0.86745341614419,3584,ok,0.0,217.12,85.92,374.0,0.0,214.96720042586304,85.59656521482813,374.0,0.0,237.5789072308828,86.1632273927173,374.0
000011,5,Pedestrian,17.91347258350541,0.0,0,0.5,0.7876745079392184,0.7122813735945144,86,ok,240.35,190.31,268.02,261.61,236.3630222171076,190.70010149639117,271.28204395022004,261.7267221369062,237.1933909460686,193.12349610612512,273.25532888818174,257.9032196825842
000012,0,Car,59.13815773255031,0.0,0,0.5,0.9702557474704571,0.10338734964915107,10,ok,662.2,185.85,690.21,205.03,662.4127626428843,185.68958356531368,690.1349186753105,205.2584181947708,672.6036597743945,195.14898125607564,685.2519748574022,199.54031493053967
000012,1,Van,66.37461035667177,0.0,0,0.5,0.9726182775303641,0.4031194072878244,25,ok,448.07,177.14,481.6,206.41,448.50409396229236,177.2017166271295,481.48319608898134,206.68163281568044,448.9055465614995,179.93842561228777,470.7740316660358,198.02978843323194
000015,0,Car,5.221350400040204,0.89,0,0.5,0.9912411296450793,0.9120592190486576,6268,ok,0.0,194.7,414.71,373.0,0.0,196.22647532011217,414.79338274711637,373.0,0.0,207.58033523473873,422.4051260440572,373.0
000015,1,Pedestrian,9.052043968077044,0.0,1,0.5,0.572380053604775,0.583265594988745,432,ok,1021.76,133.28,1101.39,316.63,987.8187161307981,132.6542849670998,1126.330933889528,316.3193805641278,1006.9904252085807,155.51473717280635,1131.3112327557765,318.20364581347195
000015,2,Pedestrian,24.305951945974055,0.0,0,0.5,0.5880880804465123,0.565894081762168,90,ok,672.23,171.73,690.13,224.33,662.7646074562543,171.758261147998,688.3457420920323,224.2461682919993,661.9035848786299,176.23366811668433,689.22077514898,224.54499765337633
000015,3,Pedestrian,24.483839568172307,0.0,0,0.5,0.7118486738615575,0.27665473834099125,63,ok,692.68,169.14,712.48,224.03,686.4648321534155,169.0405645070376,714.1820223689004,223.89896771779314,685.6761748773902,176.17891495384873,700.9382258113627,224.4497612684501
000015,4,Pedestrian,23.408197282148834,0.0,0,0.5,0.729137193930143,0.40117335247282826,66,ok,537.84,168.08,560.9,224.34,530.9373733624349,168.22327607201495,562.5026878563468,224.34396515400263,532.24817661469,172.86819240656894,550.6655530846141,222.05091613017368
000016,0,Car,44.631107985350305,0.0,2,0.5,0.9792166491764549,0.2816041134810346,20,ok,661.23,174.85,694.38,197.63,661.3091206048756,175.0096492086401,694.4038212475683,197.87948218760903,662.0767846609335,185.1647210915651,679.4509222377991,198.43082783256392
000016,1,Truck,28.136895706527397,0.0,2,0.5,0.9573142425561406,0.5326387683608503,1812,ok,125.12,91.71,474.04,253.26,126.11973549516009,94.7550443077408,473.48420706449025,256.5591101915768,124.30951715951966,145.17251664711543,459.375438814397,235.1115831823725
000016,2,Car,33.47478752733168,0.0,0,0.5,0.9602189787890513,0.6960230060861564,74,ok,684.49,172.19,733.85,205.26,684.9527530538684,172.6122524346565,733.6702373170714,205.7541675881495,684.7152254625948,178.87243655646554,728.5081003353346,205.89792224451193
000016,3,Car,7.270508923039706,0.5,0,0.5,0.9953459048459267,0.9057934570639722,2423,ok,0.0,193.56,386.2,374.0,0.0,192.8194670923925,385.97929031589484,374.0,0.0,209.670086711835,388.5053898358938,374.0
000016,4,Car,47.221576636109894,0.0,0,0.5,0.9752310914029001,0.07252676414301061,4,ok,494.45,181.84,527.48,205.27,494.6974708050685,181.78934171892882,527.3061219977037,205.51166864492288,504.239377373384,196.22092757446106,517.0182869294013,200.61316054114806
000016,5,Tram,90.98314239462165,0.0,2,0.5,0.941131627814431,0.0,0,too_few_points,587.32,158.63,648.66,188.51,587.4756981077165,159.48128460575722,648.8090390166839,189.32574468416112,,,,
000019,0,Truck,6.5569352597078465,0.74,1,0.5,0.9976527204689122,0.7391119533018128,8942,ok,0.0,0.0,424.74,374.0,0.0,0.0,425.73932921304083,374.0,0.0,96.45317789011446,423.0276276933896,374.0
000019,1,Car,10.25674899761128,0.0,0,0.5,0.9758631367180104,0.9242559559680165,1338,ok,742.41,184.49,944.56,321.39,743.7322163121494,183.40463196053423,944.6047742712759,322.75830229298236,745.4942355003511,186.6013555505342,941.4704323466248,326.0120225770985
000019,2,Van,35.471560439315326,0.0,0,0.5,0.9578886787066023,0.6421763227199436,91,ok,639.17,169.69,683.48,212.97,639.7595342347978,170.45102591526881,683.3328844464912,213.34653029045444,642.7646364517598,175.06162701467673,677.1149366135929,210.9135747521544
000019,3,Car,59.7673907745687,0.0,0,0.5,0.9673706713528771,0.2753226095930472,13,ok,551.01,184.06,575.42,204.29,551.2956464910102,183.8666357348598,575.2628965325001,204.40528059745017,552.7109324690832,187.62727409279225,563.019098976628,200.81664599815025
000021,0,Cyclist,4.499388847388055,0.89,0,0.5,0.9609386273004766,0.9424173106447422,1769,ok,1056.16,190.5,1241.0,374.0,1061.6485899814204,188.65642136487105,1241.0,374.0,1060.287627091538,197.11647085137102,1241.0,374.0
000021,1,Car,13.730833914952145,0.0,0,0.5,0.9768652908104368,0.8369887199646909,874,ok,359.43,179.3,516.3,270.97,359.42946723924905,178.97950068867502,516.377331251277,272.7739287470463,365.7071414361992,183.2531140866159,506.65560911419396,273.7455203042874
000021,2,Car,17.852240755714675,0.0,1,0.5,0.9556539485817545,0.6317249484995691,276,ok,444.13,163.92,559.2,247.04,445.3438813548979,165.33209387847134,558.9621845908925,248.35744891820576,476.44447304919794,167.62664675032784,552.8869507780463,246.66919280162864
000021,3,Van,23.95364064187321,0.0,1,0.5,0.9740971552771425,0.7519482996014062,928,ok,870.59,115.22,1101.06,213.85,871.8653573460442,116.44459782312494,1100.7730465350082,213.1755201496682,872.4304546518508,137.35447275112784,1099.594599562214,212.59843072232843
000021,4,Car,26.519609725635103,0.0,0,0.5,0.966089712612265,0.8970588532888792,168,ok,724.49,171.09,790.5,215.13,724.7563002323275,171.9403467399762,790.556717720553,215.5795985395809,726.6407227190102,172.06666608305508,789.8678019473492,213.31200339532688
000021,5,Car,26.92237359520887,0.0,1,0.5,0.9572550766705945,0.7254881466293526,136,ok,534.25,166.2,596.08,216.76,535.0111219799,167.0202108849874,595.915376385145,217.39233896850016,544.9435047960314,171.1310149600544,596.1821997679127,218.4267104965851
000021,6,Car,32.63841601548703,0.0,2,0.5,0.960326484610934,0.7720508140947184,47,ok,709.81,162.43,765.7,205.68,710.2848767352785,163.1935186832409,765.5014543187472,206.14422748078974,711.0381951301484,164.73487919758603,756.7679663009606,205.54492464956314
000021,7,Car,31.832576081743685,0.0,2,0.5,0.9754137973252115,0.3582648870730164,34,ok,562.02,166.42,605.57,206.89,562.3024472513196,166.8479980321676,605.6306380533558,207.15062963165815,582.1722239142973,171.84430009459416,600.3315271787948,206.6160404485721
000023,0,Truck,69.30794254629119,0.0,0,0.5,0.9178828944414382,0.6705668237507445,64,ok,599.21,156.67,629.63,189.6,599.9569369496087,157.64681469393744,630.0198696423093,190.22487300273383,599.5481666338965,157.3089765430705,621.804997826884,187.48970177171705
000023,1,Car,57.5697507376921,0.0,0,0.5,0.9821580102147335,0.05074124301270932,9,ok,372.95,182.64,412.21,205.68,373.1396449843585,182.4820508295903,412.1340955212618,205.7836972103021,375.3410683847968,194.9266878470262,386.62818229794766,198.9930959666578
000023,2,Cyclist,45.014563199035926,0.0,3,0.5,0.9779735140244343,0.2713026031206768,11,ok,677.94,164.64,690.85,195.36,678.1378184454799,164.7667944800857,690.8494130317056,195.4427587791681,678.7688358259359,167.78878250516587,682.8508789926029,194.14747244352267
000025,0,Car,4.311252718178325,0.94,3,0.5,0.9856064839830768,0.8853684828118702,1595,ok,896.11,218.17,1241.0,374.0,898.5029003166934,216.98302958382394,1241.0,374.0,889.5308774765076,233.66283402657635,1241.0,374.0
000025,1,Car,10.775778394157891,0.0,0,0.5,0.9742745637668554,0.8473429938242621,1186,ok,351.84,183.19,537.77,308.64,351.7666609883152,182.21023161523294,538.1847944063541,310.63553951776197,350.8690960048128,191.4974054104416,524.8514832230617,311.39694123539107
000025,2,Car,30.240755612252812,0.0,0,0.5,0.9669282727866185,0.6119481496779888,65,ok,562.48,173.46,618.49,217.36,562.8961453665445,173.96220737936218,618.3098523894125,217.8697250443342,565.4597800531807,179.65810674515694,606.3147107048973,218.78498766350097
000025,3,Car,17.940526748119744,0.0,0,0.5,0.9751509760069702,0.7572163502346707,310,ok,724.21,178.91,805.39,249.94,725.107421124518,178.98822669072274,805.3517843060697,250.84158412620693,725.4041593486097,186.18809821094646,794.3856313343653,250.5416676598406
000025,4,Cyclist,44.75969392209916,0.0,3,0.5,0.9524540462083634,0.741594614630632,8,ok,650.19,175.43,659.99,205.2,650.5437383040933,175.55904926698628,659.9504092361298,205.3058116824079,650.5070353207133,176.58734691619205,658.5322442979823,203.5470513990096
000025,5,Car,22.771293331736782,0.0,1,0.5,0.9728015225905532,0.09980575505010778,11,ok,720.81,187.01,779.98,236.22,721.1333059631885,186.67116853149815,780.0457783260022,236.9304858242921,722.2169055601383,189.08930855585285,731.4177860450134,220.67432660251458
000031,0,Car,12.73406847790603,0.0,0,0.5,0.9764220979806445,0.9383707338974853,1134,ok,334.28,180.65,490.02,297.48,335.7273438441271,179.98405255694783,490.0223086671438,298.5374760804724,335.0302125962161,185.01257594123453,488.2619956509383,298.59156979201083
000031,1,Car,9.180201522842514,0.0,0,0.5,0.9908609426857024,0.9304888653752857,1165,ok,785.85,179.67,1028.82,340.75,786.7491195548324,179.3046239343149,1028.728879630269,341.21114269259,788.2345667928989,181.67870999213014,1023.0663609595105,345.0422307505707
000031,2,Car,13.55821522177606,0.0,1,0.5,0.978203384985609,0.7055570827421356,500,ok,711.98,179.65,848.82,277.62,713.0546386126352,179.1224587910857,849.175673072752,278.2403169952203,714.0243542737865,186.52818693777067,818.2425630296187,278.09021479053564
000031,3,Truck,22.591451923238576,0.0,2,0.5,0.9749500890581079,0.7412358138943891,360,ok,445.91,131.69,539.77,228.36,446.41317124655757,132.98454455565914,539.7122187552809,228.93476767171188,448.03061120357677,146.98954380063157,533.2030296235101,225.95364278540256
000031,4,Car,26.60241154482052,0.0,0,0.5,0.9753634061961808,0.7464432608599413,135,ok,660.82,178.72,713.09,222.03,661.2641280806298,178.71072078852194,712.8565615531642,222.54589034184696,662.994877323664,182.1455409191371,705.5457995537214,222.26021444052594
000031,5,Van,51.96460911043207,0.0,0,0.5,0.9697643693994995,0.790728342017436,36,ok,620.95,171.59,649.36,200.46,621.2906993658673,171.97754619301378,649.3347837026845,200.58379695868027,622.2653516925421,173.87709916679805,647.4905359964191,199.58762595250295
000032,0,Car,9.801535593977098,0.0,0,0.5,0.9783876372773933,0.898278686822895,1512,ok,178.19,189.36,435.56,344.73,178.1443875527685,188.62503752445608,436.1907794226634,347.0108734139042,191.39278877351722,192.26199062731092,435.7965503154289,350.5389064333487
000032,1,Car,9.275570063343816,0.0,0,0.5,0.9812337248216836,0.9189557172363721,1418,ok,776.17,182.37,1014.36,335.44,777.6705926778095,182.02622179328785,1013.5778336703476,336.54253011711035,776.7832184968798,188.17043852332102,1010.3295666270714,339.58399353003864
000032,2,Van,14.905562720004903,0.0,1,0.5,0.9758648795116649,0.8014866443924745,846,ok,340.65,150.97,489.14,274.11,341.12140444055734,152.555046472,489.5298290328204,274.81708714426026,350.8242679788742,156.05868499561478,480.04647111423765,269.4697699659124
000032,3,Car,13.898881249942386,0.0,1,0.5,0.9742995924477093,0.6932896182079203,351,ok,711.6,180.21,863.08,273.6,712.314041241092,179.26942630684297,863.7530219875109,274.2565717864618,715.3320706677588,181.80448990044437,827.4932125278565,269.2480733361139
000032,4,Car,20.23326468961448,0.0,2,0.5,0.9663012576153752,0.6121484014762231,63,ok,709.49,176.89,777.81,234.26,709.9161720281708,177.14060897060267,777.4996493515463,235.37615334215786,708.9002409805889,183.77621238575955,759.3475455146346,232.25086591258432
000032,5,Van,25.46885352739695,0.0,2,0.5,0.977986335978767,0.48790049490845677,606,ok,119.13,141.28,368.15,230.69,119.5039409132526,142.97603150445732,368.1824370955335,230.56046849929453,192.23287267017835,147.01940432045316,359.3273056424378,212.0308167273522
000032,6,Car,25.887692056264886,0.0,2,0.5,0.9632107856685036,0.383643505030399,75,ok,725.15,164.18,806.31,219.41,725.8924318160255,164.95046522737965,806.3297583317685,220.19611296663183,727.4934214131097,167.91329047433726,792.5206371079245,194.35866808984417
000032,7,Van,44.74503994857977,0.0,0,0.5,0.9657722335415692,0.6963794064805591,62,ok,611.72,163.22,643.8,197.13,612.1551095380427,163.6660026079232,643.7350290917562,197.3330109411708,612.1826710523495,168.08650911867267,640.3317663456405,194.9983637172336
000032,8,Van,41.11421165485239,0.0,2,0.5,0.9690058707868661,0.4112050859535544,134,ok,780.93,147.56,917.34,199.48,781.5408337122395,148.52853011153715,917.339598877495,199.06576546674543,789.3023789833006,151.80141269483326,881.7430131174298,183.30619291094865
000032,9,Car,45.17375676208478,0.0,0,0.5,0.9628772902070948,0.4332275177261302,37,ok,494.77,173.81,531.54,199.22,494.85283211104957,174.22767368896297,531.7657899049505,199.55264662467962,494.48260942715865,182.67405711775154,525.1059360883572,196.07215167785742
000043,0,Pedestrian,12.847509486277875,0.0,0,0.5,0.7353322072101504,0.7138519880368551,183,ok,471.56,174.73,502.47,266.4,466.10431265793187,175.05310837460217,507.9994355769062,266.30890104709573,465.03475716073575,176.32117209364807,507.39619849742564,267.23537048111325
000043,1,Pedestrian,12.72912015812562,0.0,0,0.5,0.9070836411582872,0.8371493103840322,228,ok,441.08,170.15,473.22,268.12,438.92218850599966,170.39824758857097,472.34124713064364,268.36565229836106,436.22284963640215,171.7990341704989,474.01846808874836,268.2380803718976
000043,2,Pedestrian,20.711064675675175,0.0,0,0.5,0.8114317456189969,0.6518555943172621,85,ok,684.72,161.94,711.08,230.1,680.174033267347,162.01147378875106,712.5665043723657,230.23798851294126,680.6986234098421,167.31103176476893,706.295932397421,229.1001959438598
000043,3,Pedestrian,20.62876632278334,0.0,0,0.5,0.7393544676214817,0.7262899773004984,96,ok,719.54,160.0,745.42,229.67,712.4257147206886,160.10491809788257,747.366846520692,229.6074026886894,712.6481986798898,161.73027572138113,744.0078265772953,229.0161930761281
000048,0,Pedestrian,16.9372843159699,0.0,0,0.5,0.7428340489657085,0.7182947090092273,164,ok,659.64,160.9,687.89,236.97,650.5185844788841,160.81018381370345,687.488454828534,236.77048279270358,651.6546434996252,164.70074339055293,688.4532760948728,239.02213125734923
000048,1,Pedestrian,17.211362525959416,0.0,0,0.5,0.7343542011568722,0.7020448150864864,142,ok,680.59,157.38,711.83,236.18,672.9630173041974,157.5730134965672,715.4119078679048,236.14191244356445,671.6622791780948,164.6896362695472,712.3999704339233,235.0224713664789
000048,2,Pedestrian,16.627450195384743,0.0,0,0.5,0.6113620247382592,0.5425858589034348,131,ok,453.2,159.81,482.53,241.31,436.0897053007659,159.9945358993101,483.9688648668152,241.22950966182626,439.23793444518276,166.7165209766407,478.5701965641595,242.7328347079939
000048,3,Cyclist,30.4403301558968,0.0,0,0.5,0.9556405768602276,0.3884965637570655,32,ok,600.22,162.56,622.05,206.65,600.9738827243284,162.50318019636518,621.9184216677165,206.52977705871808,602.4450951502215,170.63971296379583,613.218845507485,205.34647581046397
000049,0,Car,21.60752415247985,0.0,0,0.5,0.9718225938597228,0.7692143082905447,198,ok,595.5,177.15,657.31,227.34,596.1267011954695,177.49598708230516,657.5340999804151,227.74107719295873,594.7103912097842,180.66192229581856,649.9179120538081,225.00807968807166
000049,1,Car,14.431735862327859,0.0,0,0.5,0.9702037568702869,0.8858884923015109,768,ok,305.23,179.59,494.97,263.68,305.9072734279399,179.8485057165719,494.5352492375484,265.50033225883084,305.4301666536049,178.5115477938899,478.0081200265153,265.0708550543144
000049,2,Car,22.3452746682604,0.0,2,0.5,0.971827383677246,0.5113591326106296,134,ok,410.09,176.18,514.77,228.78,410.71263166178136,176.5177405326309,514.8405375444082,229.60658515330098,442.10216536351743,178.09026349861514,504.77850393191784,223.01358475190807
000049,3,Car,25.244710337019118,0.0,2,0.5,0.9655017273894114,0.5769546054847465,91,ok,435.96,173.6,537.84,218.33,436.1481361523229,174.20161855068497,538.1202209207707,219.09865847376818,464.1437858247453,174.47196734841864,524.4318381284177,218.75778707466566
000049,4,Car,32.80861624634602,0.0,2,0.5,0.9576592442823294,0.08092559092755541,19,ok,473.64,171.53,556.16,203.86,473.9956656357029,172.1371539478265,556.2318639348146,204.4871588282381,523.9184917947107,184.986400858915,548.2290770377477,193.86726833250574
000049,5,Van,45.87890582827799,0.0,3,0.5,0.9643710323511584,0.5731649502319969,56,ok,515.19,156.84,585.71,193.55,515.5508569734449,157.38830591515645,585.753745269618,194.12597743926378,528.6153178682241,159.79713412200485,575.2269573649738,191.63045406095696
000049,6,Pedestrian,5.707845477936487,0.29,3,0.5,0.7278903057181423,0.6542417569185182,1247,ok,984.43,188.05,1128.77,374.0,951.8577245893068,188.37690056476015,1149.9026379023128,374.0,950.8772816576425,199.39059267801332,1162.124446101988,374.0
000049,7,Car,10.530056979902815,0.0,1,0.5,0.9821619268017031,0.8501086783126747,523,ok,823.97,189.33,1083.14,327.79,824.9892559490418,188.66136840812115,1082.9232100789143,328.97257126371,822.8068886713213,191.58910215750615,1057.4948481352324,333.63303815328106
000049,8,Car,15.530991597447988,0.0,1,0.5,0.9808795133183608,0.7177189862904114,360,ok,753.34,185.35,885.42,263.59,753.9829653628616,184.85113157996162,885.1799551303761,264.08969234252936,760.2958000241233,188.23121469639335,861.6288162421766,261.42418421237784
000049,9,Car,20.710943966898274,0.0,2,0.5,0.9693536791289407,0.8322370838136134,170,ok,719.83,169.31,816.44,238.11,720.4623798599148,170.46434323421525,816.5518670739141,238.561606198555,723.099570792201,168.73535343932596,805.5423832209475,236.88550213473152
000049,10,Pedestrian,32.830986887390395,0.0,0,0.5,0.7023424674735368,0.4859511527914082,38,ok,693.57,173.32,709.9,209.83,687.2543649315686,173.4991322090187,710.3931798026124,209.87935576503313,689.2249559079512,174.42815314723822,704.8593516715396,205.99626559685746
000049,11,Car,33.28710561163286,0.0,2,0.5,0.9733507704553465,0.5586100182847691,77,ok,776.77,170.97,882.28,211.7,777.2036994081187,171.673094172071,882.1292043899753,211.53851399921675,796.7436510663332,172.89030765078266,861.4080346297445,210.01403816970594
000049,12,Car,14.50226189254628,0.07,3,0.5,0.9812738323888572,0.8604462895417088,444,ok,0.0,178.64,252.92,280.6,0.0,178.47552336549273,252.87598082667043,282.36353137850654,17.7048685165084,180.66031823510775,242.45377777254376,282.00850954945975
000049,13,Car,19.08105080963834,0.0,1,0.5,0.9775133658087097,0.6928488943562683,362,ok,194.14,174.89,341.99,241.74,194.82313020541372,175.1222260726661,341.91417714994725,242.6953142241801,218.76512661564772,178.3696864140486,328.4690196380113,243.1083947918025
000049,14,Car,35.70534273746718,0.0,2,0.5,0.9709378648491018,0.12477444372743218,8,ok,603.49,171.71,639.3,204.36,603.5915994658061,172.2067624751913,639.1704078604587,204.6134888248586,610.6819975388269,172.18188241681207,629.355893071831,179.99417003712796
000049,15,Car,23.25483390609359,0.0,2,0.5,0.9771454613185871,0.15103179611435055,26,ok,287.85,175.62,379.41,228.84,287.93333708106087,176.22506147090235,379.52010940175455,229.3531197010136,308.02128972499855,175.10077712736367,356.7394035438489,190.8047355278336
000049,16,Van,35.61556120574264,0.0,3,0.5,0.9744531218365056,0.375268097513048,210,ok,881.73,155.07,1040.99,215.24,882.4211546924689,155.93761639079634,1040.8428904698314,214.88070739981723,903.3150009942843,157.26616176628514,1023.5706377888619,187.1697239773791
000049,17,Car,22.431596019900145,0.38,3,0.5,0.9681054333598386,0.4359410412427685,54,ok,0.0,170.48,111.64,240.66,0.0,171.4587793236274,111.34649144536374,241.77608472684753,0.0,176.42103164886797,85.22568063029676,216.4975947957486
000061,0,Van,18.858870591846163,0.05,3,0.5,0.9699866414435606,0.771752017816513,892,ok,1054.28,105.67,1241.0,249.94,1056.2277180576414,106.82392060334384,1241.0,251.69360565656783,1059.0300323695028,125.98566841732384,1230.229876191225,247.419942218302
000061,1,Car,14.805975145190539,0.79,3,0.5,0.8720608278787242,0.6726239647786996,443,ok,0.0,212.28,41.28,328.12,0.0,210.8663552191857,41.35643887064087,343.45560804505067,0.0,224.07173175958582,33.54217521542962,340.24703794603425
000061,2,Car,41.06383688843506,0.0,2,0.5,0.9727477298770077,0.17475879131312733,10,ok,69.7,217.73,112.22,254.15,69.72294373408414,217.24038583229748,112.252329666391,254.63261097582128,74.66770773512484,241.36840112838178,99.59125806001418,252.22671328334633
000061,3,Car,21.305694074589542,0.14,1,0.5,0.9591071115636739,0.6811847296013716,161,ok,0.0,218.4,93.89,297.9,0.0,217.75544346188354,93.31368713454773,300.15404000262527,9.851883625410096,226.39989560853175,90.08426678526082,289.7725180285903
000061,4,Misc,37.18469308734442,0.0,3,0.5,0.9502838542374648,0.807617263438775,83,ok,879.45,149.53,932.13,173.41,879.827447576867,150.16614786495748,932.2348401781705,173.06631255403633,878.7986935699528,153.19252568434933,930.9486403138629,173.1244214006822
000061,5,Van,43.67330763750325,0.0,3,0.5,0.9667914579886671,0.40689515446984564,15,ok,884.04,123.51,923.63,169.76,884.5420967539615,123.89551783064833,923.5194726804868,169.31241345732965,883.9245710622388,145.23383882064635,924.3862621695778,164.22286241455663
000001,0,Truck,69.45757410102946,0.0,0,1,0.9378628164093085,0.43998930745353765,40,ok,599.41,156.4,629.75,189.25,599.8492375499051,157.33761579381633,629.8411848342162,189.84501263771423,599.5427016261046,157.38371276584547,616.6201272676752,183.0622730052142
000001,1,Car,60.827897382697685,0.0,0,1,0.9805792155970717,0.0,0,too_few_points,387.63,181.54,423.81,203.12,387.8809817461105,181.4595996302404,423.7698102507707,203.2919188152593,,,,
000001,2,Cyclist,46.08813404771341,0.0,3,1,0.9599369505629226,0.0,0,too_few_points,676.6,163.95,688.98,193.93,676.8632776535213,164.15631778742335,688.89370790702,194.0951566616923,,,,
000004,0,Car,41.416147817004905,0.0,0,1,0.9800793602166951,0.451233897738451,60,ok,280.38,185.1,344.9,215.59,280.6308266234518,184.85277444681324,344.8763067784587,215.83221683311902,280.6018046794166,194.69400517329137,327.20059861259466,213.7432965168759
000004,1,Car,53.62680206762287,0.0,0,1,0.9796579429978688,0.3798174906927909,14,ok,365.14,184.54,406.11,205.2,365.345850196183,184.445901205217,406.0129449490881,205.38101053632593,373.3259940265829,189.50901279553082,397.09747572383407,203.03331880556303
000007,0,Car,25.076528866651383,0.0,0,1,0.9667119802019462,0.8698039780693264,160,ok,564.62,174.59,616.43,224.74,565.4822674388488,175.0120260902123,616.6555064316764,224.96047078357958,564.3993778220804,177.98097468969672,614.98983688865,223.02042706699362
000007,1,Car,48.163697947728224,0.0,0,1,0.9719531768004971,0.29614403877050477,11,ok,481.59,180.09,512.55,202.42,481.8496676318343,179.85710648600008,512.4094386793754,202.53901726391695,483.6876804926706,192.74885667720838,508.248116142176,201.08483552645976
000007,2,Car,60.72708292022597,0.0,0,1,0.9732200547497134,0.0,1,too_few_points,542.05,175.55,565.27,193.79,542.2247136363295,175.73341160107591,565.2443510290931,193.94468803128316,,,,
000007,3,Cyclist,36.40301361151299,0.0,0,1,0.9790535391453362,0.0,0,too_few_points,330.6,176.09,355.61,213.6,330.8419174965761,176.13804376450176,355.49785328558744,213.8147887154328,,,,
000008,0,Car,4.884669896727925,0.88,3,1,0.993376964810551,0.9747810857909806,6755,ok,0.0,192.37,402.31,374.0,0.0,191.3346280888893,402.6967273731604,374.0,0.0,193.7255137494401,409.69327200352956,374.0
000008,1,Car,8.11609512019173,0.0,1,1,0.985383797759683,0.9430758176798903,2038,ok,334.85,178.94,624.5,372.04,335.783058370862,178.69011549395384,624.5448197689615,374.0,343.8702961119449,180.95564582218861,623.4779010423672,369.6041804292642
000008,2,Car,7.418099487065404,0.34,3,1,0.9865460364055325,0.9022118534939627,1145,ok,937.29,197.39,1241.0,374.0,938.8093144611796,195.86942796206094,1241.0,374.0,937.064135710022,214.55338215822277,1241.0,374.0
000008,3,Car,14.56231437649936,0.0,1,1,0.9740017462085421,0.8058269187714917,667,ok,597.59,176.18,720.9,261.14,598.0678967121008,176.35120042473784,721.2785777077737,262.63551523939844,597.3670005535182,181.00827465679717,705.0368201696152,259.7106693787175
000008,4,Car,34.01558613341831,0.0,0,1,0.9648126354806893,0.3707322482699571,43,ok,741.18,168.83,792.25,208.43,741.6706475479675,169.3550315585611,792.2887502422866,208.91560853095123,741.166107187497,183.00314126826544,773.6797793303145,206.07644740225865
000008,5,Car,21.75717123157328,0.0,0,1,0.9711096331637186,0.7880360530959215,210,ok,884.52,178.31,956.41,240.18,885.375574880649,178.2402751822824,956.1167360780912,240.94612760947086,885.7014338442373,183.28376901655895,947.6379199386685,240.56720622175897
000009,0,Car,23.954999478188263,0.0,0,1,0.9691905624919593,0.8113604907974682,190,ok,601.96,177.01,659.15,229.51,602.7258950069524,177.07969187873167,658.7444162269289,230.0091082194858,601.2172481176501,181.53911840733858,657.4371725542022,225.93292834851462
000009,1,Car,66.39593436348343,0.0,2,1,0.9804577106969352,0.0,1,too_few_points,600.14,177.09,624.65,193.31,600.2515775209974,177.0745874239214,624.7781213729945,193.45767373211066,,,,
000009,2,Car,68.31325054482475,0.0,0,1,0.9765780955208441,0.0,0,too_few_points,574.98,178.64,598.45,194.01,575.140095178741,178.51572420211681,598.421445697845,194.12980928858352,,,,
000010,0,Car,7.027616950289763,0.8,0,1,0.984911449570525,0.8321598980638863,2009,ok,1013.39,182.46,1241.0,374.0,1015.2264077150546,181.08362111125447,1241.0,374.0,1027.5550883220487,204.0301860622801,1241.0,374.0
000010,1,Car,12.153505667090464,0.0,0,1,0.9730093784212728,0.8213944287640647,1052,ok,354.43,185.52,549.52,294.49,354.97416944722585,184.7725046188561,549.8571160610747,296.2672535655886,359.87192403585743,189.9182167926693,528.9046484746643,296.0317776877676
000010,2,Pedestrian,24.990228090195576,0.0,2,1,0.6918638501905229,0.04520723637035843,16,ok,859.54,159.8,879.68,221.4,852.9154293879426,159.93130560447275,881.862470097748,221.65420490634102,855.4441443936681,166.64946098587743,862.7150848630247,185.40753296521353
000010,3,Car,17.58300600011272,0.0,0,1,0.9665345171068871,0.8077437934247729,284,ok,819.63,178.12,926.85,251.56,820.6326146444272,177.98991240160436,926.213586761583,252.83263871366248,825.049765885596,185.06244857540045,920.980106421907,251.8021930983813
000010,4,Car,23.152187801587996,0.0,2,1,0.9658414616932302,0.265451302484599,25,ok,800.54,178.06,878.75,230.56,801.4463740562173,177.90660108762395,878.7624069725051,231.63916915829682,809.6088653820965,180.00316378394203,858.4104541371343,202.33747117207622
000010,5,Car,23.708471059939736,0.0,0,1,0.9736929947835116,0.9222412224001804,233,ok,558.55,179.04,635.05,230.61,559.1191610178486,179.02753331906058,635.0644622466402,231.59426962806828,558.6649821088606,182.25834736068293,634.4480135644595,230.2682829335131
000010,6,Car,29.129059373759393,0.0,2,1,0.9701812852632052,0.7255820794940266,72,ok,598.3,178.68,652.25,218.17,598.9414033395154,178.68843734408998,652.2220242444396,218.87891260401935,610.5193410650268,179.22380103699408,650.2328579016076,218.19944357327535
000010,7,Car,29.64992074188395,0.0,1,1,0.9695534897583151,0.2669687822550315,9,ok,784.59,178.04,839.98,220.1,785.0678221749215,177.99508638777752,840.0357589581953,220.96625830925603,787.4264203070809,181.51533812030456,806.4183126487532,214.2639483442946
000010,8,Car,43.12322460113576,0.0,1,1,0.9731961226235505,0.20194584802868396,18,ok,663.74,175.36,707.21,204.15,664.2152127096258,175.4288940904289,707.2008538336105,204.5477423570668,671.791813540951,190.15068257253756,691.3819361333076,203.05185203413703
000011,0,Pedestrian,13.487212462180612,0.0,1,1,0.7617231065164821,0.7524070490932837,166,ok,883.68,144.15,937.35,259.01,872.3139701353475,144.4122272280948,942.4710022834482,259.3021124565615,873.0085516966454,153.17031278081254,937.2762738645484,254.95977436237112
000011,1,Pedestrian,14.559921016269284,0.0,2,1,0.9708695625871554,0.638254206514546,37,ok,873.7,152.1,933.44,256.07,874.9735414851298,152.23039459628572,933.2053602827806,256.3624767733045,880.376211225648,168.51590282604084,928.4830415698145,250.92216296324435
000011,2,Car,27.157706088696077,0.0,0,1,0.9622486896042994,0.8677159090020216,178,ok,444.29,171.04,504.95,225.82,445.02358593009217,171.9676073863049,504.8867768841907,226.27600114783556,444.7494684718505,175.45289364033496,502.1601981364295,225.6766194438689
000011,3,Pedestrian,34.1870048410211,0.0,0,1,0.6641050054820695,0.09167761912741139,12,ok,649.28,168.1,664.61,206.4,645.966167796266,168.34718204537592,668.9003652613195,206.4828304989361,645.7770845878656,175.2242275680897,651.590846560061,202.27720018030266
000011,4,Car,6.8332861786990895,0.98,0,1,0.982799839978754,0.8586356212265757,3539,ok,0.0,217.12,85.92,374.0,0.0,214.96720042586304,85.59656521482813,374.0,0.0,238.13440434134864,85.18463236835308,374.0
000011,5,Pedestrian,17.91347258350541,0.0,0,1,0.7876745079392184,0.6409288974897827,69,ok,240.35,190.31,268.02,261.61,236.3630222171076,190.70010149639117,271.28204395022004,261.7267221369062,233.54260380771763,193.24883751428058,273.87249237159654,257.9080598532825
000012,0,Car,59.13815773255031,0.0,0,1,0.9702557474704571,0.1528822253835353,4,ok,662.2,185.85,690.21,205.03,662.4127626428843,185.68958356531368,690.1349186753105,205.2584181947708,673.7615196666566,195.20354601552822,682.7257590196896,204.36586195737252
000012,1,Van,66.37461035667177,0.0,0,1,0.9726182775303641,0.22861684156526296,18,ok,448.07,177.14,481.6,206.41,448.50409396229236,177.2017166271295,481.48319608898134,206.68163281568044,451.8256674189105,180.0044836641667,464.20506314926496,198.12894258351696
000015,0,Car,5.221350400040204,0.89,0,1,0.9912411296450793,0.9124387640764975,6298,ok,0.0,194.7,414.71,373.0,0.0,196.22647532011217,414.79338274711637,373.0,0.0,207.77567696626699,421.6875055887263,373.0
000015,1,Pedestrian,9.052043968077044,0.0,1,1,0.572380053604775,0.5529729927859534,440,ok,1021.76,133.28,1101.39,316.63,987.8187161307981,132.6542849670998,1126.330933889528,316.3193805641278,998.5701420683342,155.7146752575427,1130.325449995909,318.0298306730416
000015,2,Pedestrian,24.305951945974055,0.0,0,1,0.5880880804465123,0.5501352209318772,107,ok,672.23,171.73,690.13,224.33,662.7646074562543,171.758261147998,688.3457420920323,224.2461682919993,661.3942854784987,176.25079622982813,689.0404102855833,224.57008574060896
000015,3,Pedestrian,24.483839568172307,0.0,0,1,0.7118486738615575,0.05670373879636854,37,ok,692.68,169.14,712.48,224.03,686.4648321534155,169.0405645070376,714.1820223689004,223.89896771779314,685.1220534933701,176.25079622982813,694.4897640558827,220.8691429460257
000015,4,Pedestrian,23.408197282148834,0.0,0,1,0.729137193930143,0.1998119029901201,48,ok,537.84,168.08,560.9,224.34,530.9373733624349,168.22327607201495,562.5026878563468,224.34396515400263,531.9085279147187,172.93166062010602,544.2917427764208,222.152953431627
000016,0,Car,44.631107985350305,0.0,2,1,0.9792166491764549,0.10964981769621725,8,ok,661.23,174.85,694.38,197.63,661.3091206048756,175.0096492086401,694.4038212475683,197.87948218760903,663.7494141033641,185.22800707461755,673.0604603063392,194.12097415661574
000016,1,Truck,28.136895706527397,0.0,2,1,0.9573142425561406,0.5094305593590713,1620,ok,125.12,91.71,474.04,253.26,126.11973549516009,94.7550443077408,473.48420706449025,256.5591101915768,134.91552191174486,145.06507522963383,452.7401236306511,235.41552280305243
000016,2,Car,33.47478752733168,0.0,0,1,0.9602189787890513,0.7055558179107221,50,ok,684.49,172.19,733.85,205.26,684.9527530538684,172.6122524346565,733.6702373170714,205.7541675881495,685.7077985249066,178.94122307829275,730.212479112482,205.88435759123527
000016,3,Car,7.270508923039706,0.5,0,1,0.9953459048459267,0.9059398954361558,2391,ok,0.0,193.56,386.2,374.0,0.0,192.8194670923925,385.97929031589484,374.0,0.0,209.90888614068712,387.8193408610907,374.0
000016,4,Car,47.221576636109894,0.0,0,1,0.9752310914029001,0.07277934149019155,4,ok,494.45,181.84,527.48,205.27,494.6974708050685,181.78934171892882,527.3061219977037,205.51166864492288,497.7592792139332,196.30785962404337,510.5717826729211,200.70383234133652
000016,5,Tram,90.98314239462165,0.0,2,1,0.941131627814431,0.0,0,too_few_points,587.32,158.63,648.66,188.51,587.4756981077165,159.48128460575722,648.8090390166839,189.32574468416112,,,,
000019,0,Truck,6.5569352597078465,0.74,1,1,0.9976527204689122,0.7398963756376309,8874,ok,0.0,0.0,424.74,374.0,0.0,0.0,425.73932921304083,374.0,0.0,95.7006230382808,422.33145710635796,374.0
000019,1,Car,10.25674899761128,0.0,0,1,0.9758631367180104,0.9323917865197258,1170,ok,742.41,184.49,944.56,321.39,743.7322163121494,183.40463196053423,944.6047742712759,322.75830229298236,743.1608351807149,186.65207881301174,940.6312261713656,325.7536124674264
000019,2,Van,35.471560439315326,0.0,0,1,0.9578886787066023,0.7640395275844836,79,ok,639.17,169.69,683.48,212.97,639.7595342347978,170.45102591526881,683.3328844464912,213.34653029045444,642.5468505802876,175.13119834401076,683.530901219859,210.9608418926479
000019,3,Car,59.7673907745687,0.0,0,1,0.9673706713528771,0.15027513941177578,7,ok,551.01,184.06,575.42,204.29,551.2956464910102,183.8666357348598,575.2628965325001,204.40528059745017,550.953862987787,187.69861349346118,556.6614581817901,200.84901594632936
000021,0,Cyclist,4.499388847388055,0.89,0,1,0.9609386273004766,0.9397360181696812,1788,ok,1056.16,190.5,1241.0,374.0,1061.6485899814204,188.65642136487105,1241.0,374.0,1060.850137186133,197.06898640131368,1241.0,374.0
000021,1,Car,13.730833914952145,0.0,0,1,0.9768652908104368,0.8742444360234224,849,ok,359.43,179.3,516.3,270.97,359.42946723924905,178.97950068867502,516.377331251277,272.7739287470463,360.3969073799173,183.32680844561273,508.344654890709,274.0218910552189
000021,2,Car,17.852240755714675,0.0,1,1,0.9556539485817545,0.6916145886991061,286,ok,444.13,163.92,559.2,247.04,445.3438813548979,165.33209387847134,558.9621845908925,248.35744891820576,469.8217267540812,167.68058003571662,553.3981249850217,246.83007392155127
000021,3,Van,23.95364064187321,0.0,1,1,0.9740971552771425,0.6841837309843761,893,ok,870.59,115.22,1101.06,213.85,871.8653573460442,116.44459782312494,1100.7730465350082,213.1755201496682,892.7482066736244,137.64185324911904,1102.0114481057215,212.534916892269
000021,4,Car,26.519609725635103,0.0,0,1,0.966089712612265,0.7268915697137933,144,ok,724.49,171.09,790.5,215.13,724.7563002323275,171.9403467399762,790.556717720553,215.5795985395809,734.039395858725,172.1485996415036,785.5552579680514,213.16765957212726
000021,5,Car,26.92237359520887,0.0,1,1,0.9572550766705945,0.7982775636337571,132,ok,534.25,166.2,596.08,216.76,535.0111219799,167.0202108849874,595.915376385145,217.39233896850016,538.5196844029825,171.19294623934405,595.5531001942265,214.94826501760647
000021,6,Car,32.63841601548703,0.0,2,1,0.960326484610934,0.2465816513326152,19,ok,709.81,162.43,765.7,205.68,710.2848767352785,163.1935186832409,765.5014543187472,206.14422748078974,717.183762432555,164.8280085123492,750.1681377732906,182.8986144026861
000021,7,Car,31.832576081743685,0.0,2,1,0.9754137973252115,0.4941412314572087,37,ok,562.02,166.42,605.57,206.89,562.3024472513196,166.8479980321676,605.6306380533558,207.15062963165815,575.8098644660028,171.90904707708546,600.8500679887395,206.6894494889008
000023,0,Truck,69.30794254629119,0.0,0,1,0.9178828944414382,0.46937892152579536,46,ok,599.21,156.67,629.63,189.6,599.9569369496087,157.64681469393744,630.0198696423093,190.22487300273383,599.9024156289037,157.37486436327023,615.4810351001212,187.55669334728873
000023,1,Car,57.5697507376921,0.0,0,1,0.9821580102147335,0.0,1,too_few_points,372.95,182.64,412.21,205.68,373.1396449843585,182.4820508295903,412.1340955212618,205.7836972103021,,,,
000023,2,Cyclist,45.014563199035926,0.0,3,1,0.9779735140244343,0.0,0,too_few_points,677.94,164.64,690.85,195.36,678.1378184454799,164.7667944800857,690.8494130317056,195.4427587791681,,,,
000025,0,Car,4.311252718178325,0.94,3,1,0.9856064839830768,0.8884781786296096,1516,ok,896.11,218.17,1241.0,374.0,898.5029003166934,216.98302958382394,1241.0,374.0,889.9926092197619,233.33163358715598,1241.0,374.0
000025,1,Car,10.775778394157891,0.0,0,1,0.9742745637668554,0.8107640567795488,1147,ok,351.84,183.19,537.77,308.64,351.7666609883152,182.21023161523294,538.1847944063541,310.63553951776197,350.1433916343858,191.59139999793342,518.3094550453187,311.66916186021604
000025,2,Car,30.240755612252812,0.0,0,1,0.9669282727866185,0.5268571515266789,53,ok,562.48,173.46,618.49,217.36,562.8961453665445,173.96220737936218,618.3098523894125,217.8697250443342,563.6762791949066,179.72502512938894,599.9604253806634,215.42813648195073
000025,3,Car,17.940526748119744,0.0,0,1,0.9751509760069702,0.6250257816074559,272,ok,724.21,178.91,805.39,249.94,725.107421124518,178.98822669072274,805.3517843060697,250.84158412620693,730.7180043619056,186.24477871343512,787.5897518690361,250.4583451089167
000025,4,Cyclist,44.75969392209916,0.0,3,1,0.9524540462083634,0.0009380306474647527,4,ok,650.19,175.43,659.99,205.2,650.5437383040933,175.55904926698628,659.9504092361298,205.3058116824079,652.1709280156784,203.5059572440079,659.026427352296,203.5458765373865
000025,5,Car,22.771293331736782,0.0,1,1,0.9728015225905532,0.0,2,too_few_points,720.81,187.01,779.98,236.22,721.1333059631885,186.67116853149815,780.0457783260022,236.9304858242921,,,,
000031,0,Car,12.73406847790603,0.0,0,1,0.9764220979806445,0.9274312462864717,1088,ok,334.28,180.65,490.02,297.48,335.7273438441271,179.98405255694783,490.0223086671438,298.5374760804724,332.9463962188427,185.09144964202343,486.38669030555064,298.0515682046226
000031,1,Car,9.180201522842514,0.0,0,1,0.9908609426857024,0.9241835453611533,1033,ok,785.85,179.67,1028.82,340.75,786.7491195548324,179.3046239343149,1028.728879630269,341.21114269259,783.1656997598391,181.74290525297556,1021.6945037043467,344.99666638454244
000031,2,Car,13.55821522177606,0.0,1,1,0.978203384985609,0.663693345459175,396,ok,711.98,179.65,848.82,277.62,713.0546386126352,179.1224587910857,849.175673072752,278.2403169952203,713.3239034295468,186.58293240455126,811.3032351792962,277.96039826612054
000031,3,Truck,22.591451923238576,0.0,2,1,0.9749500890581079,0.6810874638949035,330,ok,445.91,131.69,539.77,228.36,446.41317124655757,132.98454455565914,539.7122187552809,228.93476767171188,448.5843297015192,147.0186303502781,526.7576721680364,226.07128776724545
000031,4,Car,26.60241154482052,0.0,0,1,0.9753634061961808,0.6220973375889662,114,ok,660.82,178.72,713.09,222.03,661.2641280806298,178.71072078852194,712.8565615531642,222.54589034184696,663.5625315059169,182.21121019898635,699.0757192771944,222.29161103170168
000031,5,Van,51.96460911043207,0.0,0,1,0.9697643693994995,0.7280717571382537,30,ok,620.95,171.59,649.36,200.46,621.2906993658673,171.97754619301378,649.3347837026845,200.58379695868027,622.5038846174982,173.94534091852245,645.7359118172336,199.64960027712021
000032,0,Car,9.801535593977098,0.0,0,1,0.9783876372773933,0.9209131819817729,1503,ok,178.19,189.36,435.56,344.73,178.1443875527685,188.62503752445608,436.1907794226634,347.0108734139042,182.88525870627174,192.37048850972465,433.8317188722038,350.82690172622523
000032,1,Car,9.275570063343816,0.0,0,1,0.9812337248216836,0.9062080497477818,1182,ok,776.17,182.37,1014.36,335.44,777.6705926778095,182.02622179328785,1013.5778336703476,336.54253011711035,783.0364724613071,188.21093178238974,1012.5106645702095,339.0233312830079
000032,2,Van,14.905562720004903,0.0,1,1,0.9758648795116649,0.7884032429923676,825,ok,340.65,150.97,489.14,274.11,341.12140444055734,152.555046472,489.5298290328204,274.81708714426026,346.43675703095727,156.0643813826346,473.42587010642836,269.58591995718854
000032,3,Car,13.898881249942386,0.0,1,1,0.9742995924477093,0.591450259075041,263,ok,711.6,180.21,863.08,273.6,712.314041241092,179.26942630684297,863.7530219875109,274.2565717864618,724.5817573269784,181.8691639231956,820.5033047704969,269.09752685101563
000032,4,Car,20.23326468961448,0.0,2,1,0.9663012576153752,0.28819388040491895,46,ok,709.49,176.89,777.81,234.26,709.9161720281708,177.14060897060267,777.4996493515463,235.37615334215786,709.9661833063311,183.83828777897577,752.7048428484679,210.2682514024442
000032,5,Van,25.46885352739695,0.0,2,1,0.977986335978767,0.4888930660666276,365,ok,119.13,141.28,368.15,230.69,119.5039409132526,142.97603150445732,368.1824370955335,230.56046849929453,185.55614843368005,146.91637521339803,352.1753714563689,212.24583943323637
000032,6,Car,25.887692056264886,0.0,2,1,0.9632107856685036,0.35642314103455586,71,ok,725.15,164.18,806.31,219.41,725.8924318160255,164.95046522737965,806.3297583317685,220.19611296663183,725.2598388742331,168.00381464151366,785.7716553869445,194.4061768330949
000032,7,Van,44.74503994857977,0.0,0,1,0.9657722335415692,0.6483273312798623,48,ok,611.72,163.22,643.8,197.13,612.1551095380427,163.6660026079232,643.7350290917562,197.3330109411708,612.3039321297803,168.15648734331344,638.5581714974544,195.01964365973956
000032,8,Van,41.11421165485239,0.0,2,1,0.9690058707868661,0.3757352996201843,116,ok,780.93,147.56,917.34,199.48,781.5408337122395,148.52853011153715,917.339598877495,199.06576546674543,789.8366112541455,151.9454679414116,874.5334938463781,183.36469270952838
000032,9,Car,45.17375676208478,0.0,0,1,0.9628772902070948,0.3402142160041357,28,ok,494.77,173.81,531.54,199.22,494.85283211104957,174.22767368896297,531.7657899049505,199.55264662467962,494.21145861514907,182.7435572719553,518.677555645516,196.14591661135046
000043,0,Pedestrian,12.847509486277875,0.0,0,1,0.7353322072101504,0.7771432432532246,163,ok,471.56,174.73,502.47,266.4,466.10431265793187,175.05310837460217,507.9994355769062,266.30890104709573,464.4341154844209,176.38231330396346,503.23556479635914,267.3397255564041
000043,1,Pedestrian,12.72912015812562,0.0,0,1,0.9070836411582872,0.8199590786634132,242,ok,441.08,170.15,473.22,268.12,438.92218850599966,170.39824758857097,472.34124713064364,268.36565229836106,436.03439412062284,171.85024602333453,474.59958742717316,268.28039025304736
000043,2,Pedestrian,20.711064675675175,0.0,0,1,0.8114317456189969,0.6663278437295386,69,ok,684.72,161.94,711.08,230.1,680.174033267347,162.01147378875106,712.5665043723657,230.23798851294126,679.4111978480782,170.93140239440854,714.4409046502399,229.09502791852364
000043,3,Pedestrian,20.62876632278334,0.0,0,1,0.7393544676214817,0.6078464425844556,59,ok,719.54,160.0,745.42,229.67,712.4257147206886,160.10491809788257,747.366846520692,229.6074026886894,713.0653649797295,161.82226546712997,739.8098607543832,228.91941160893433
000048,0,Pedestrian,16.9372843159699,0.0,0,1,0.7428340489657085,0.6622034886622856,196,ok,659.64,160.9,687.89,236.97,650.5185844788841,160.81018381370345,687.488454828534,236.77048279270358,648.7351329302116,164.77336629042364,688.7518917962124,239.0054980365472
000048,1,Pedestrian,17.211362525959416,0.0,0,1,0.7343542011568722,0.7020222747528122,128,ok,680.59,157.38,711.83,236.18,672.9630173041974,157.5730134965672,715.4119078679048,236.14191244356445,671.2085189671574,164.77336629042364,711.7793179482239,235.01500075697786
000048,2,Pedestrian,16.627450195384743,0.0,0,1,0.6113620247382592,0.18839776476970846,112,ok,453.2,159.81,482.53,241.31,436.0897053007659,159.9945358993101,483.9688648668152,241.22950966182626,436.14358829374487,166.76195118552312,462.5560182503311,242.8324723718461
000048,3,Cyclist,30.4403301558968,0.0,0,1,0.9556405768602276,0.06304711922677397,7,ok,600.22,162.56,622.05,206.65,600.9738827243284,162.50318019636518,621.9184216677165,206.52977705871808,603.4358878934404,178.72367090274244,606.8958076532648,196.26219544873518
000049,0,Car,21.60752415247985,0.0,0,1,0.9718225938597228,0.664638780183535,167,ok,595.5,177.15,657.31,227.34,596.1267011954695,177.49598708230516,657.5340999804151,227.74107719295873,595.3026616493014,180.72924676994103,642.6920940794988,224.54205214253864
000049,1,Car,14.431735862327859,0.0,0,1,0.9702037568702869,0.8004994271001109,590,ok,305.23,179.59,494.97,263.68,305.9072734279399,179.8485057165719,494.5352492375484,265.50033225883084,315.69632665334933,178.57484308206625,471.35299849392504,265.2090160358512
000049,2,Car,22.3452746682604,0.0,2,1,0.971827383677246,0.49427891480852054,114,ok,410.09,176.18,514.77,228.78,410.71263166178136,176.5177405326309,514.8405375444082,229.60658515330098,440.30293462202917,178.15381162711736,500.593571446011,223.29486315953102
000049,3,Car,25.244710337019118,0.0,2,1,0.9655017273894114,0.5912952446384123,95,ok,435.96,173.6,537.84,218.33,436.1481361523229,174.20161855068497,538.1202209207707,219.09865847376818,469.4718262748605,174.53069578869446,531.4518415574232,218.8783030765261
000049,4,Car,32.80861624634602,0.0,2,1,0.9576592442823294,0.06565129452664208,17,ok,473.64,171.53,556.16,203.86,473.9956656357029,172.1371539478265,556.2318639348146,204.4871588282381,522.1244939332988,185.05784775727096,541.8259571202977,193.94801101613214
000049,5,Van,45.87890582827799,0.0,3,1,0.9643710323511584,0.23389347016007522,40,ok,515.19,156.84,585.71,193.55,515.5508569734449,157.38830591515645,585.753745269618,194.12597743926378,549.8644442053662,159.85206091697654,568.8742068181066,191.70416248373243
000049,6,Pedestrian,5.707845477936487,0.29,3,1,0.7278903057181423,0.6563143080700143,1289,ok,984.43,188.05,1128.77,374.0,951.8577245893068,188.37690056476015,1149.9026379023128,374.0,948.5663253313019,199.36566005349184,1159.1387420758476,374.0
000049,7,Car,10.530056979902815,0.0,1,1,0.9821619268017031,0.7996131427918495,417,ok,823.97,189.33,1083.14,327.79,824.9892559490418,188.66136840812115,1082.9232100789143,328.97257126371,833.7141203130919,191.61649093209826,1051.2209146062016,333.10736571283314
000049,8,Car,15.530991597447988,0.0,1,1,0.9808795133183608,0.6876969329075557,283,ok,753.34,185.35,885.42,263.59,753.9829653628616,184.85113157996162,885.1799551303761,264.08969234252936,757.084442405783,188.2801802847113,854.4667387990826,261.2566714529985
000049,9,Car,20.710943966898274,0.0,2,1,0.9693536791289407,0.727689391969335,106,ok,719.83,169.31,816.44,238.11,720.4623798599148,170.46434323421525,816.5518670739141,238.561606198555,726.7338024604489,168.82764393503408,798.7098417386268,236.86090431615335
000049,10,Pedestrian,32.830986887390395,0.0,0,1,0.7023424674735368,0.4510659658563598,14,ok,693.57,173.32,709.9,209.83,687.2543649315686,173.4991322090187,710.3931798026124,209.87935576503313,689.5930700617978,179.0885676338442,705.3606561188612,205.9901077669103
000049,11,Car,33.28710561163286,0.0,2,1,0.9733507704553465,0.5540802176763671,77,ok,776.77,170.97,882.28,211.7,777.2036994081187,171.673094172071,882.1292043899753,211.53851399921675,789.9877226540226,172.97651553145622,854.3137750632311,209.9928812845396
000049,12,Car,14.50226189254628,0.07,3,1,0.9812738323888572,0.8968044812052447,401,ok,0.0,178.64,252.92,280.6,0.0,178.47552336549273,252.87598082667043,282.36353137850654,6.900456714856926,180.73004571063626,243.1000139483257,282.78432030395345
000049,13,Car,19.08105080963834,0.0,1,1,0.9775133658087097,0.6572289601611705,343,ok,194.14,174.89,341.99,241.74,194.82313020541372,175.1222260726661,341.91417714994725,242.6953142241801,216.65419030146276,178.42920939826615,321.08897554721636,243.429268799961
000049,14,Car,35.70534273746718,0.0,2,1,0.9709378648491018,0.12473235260236148,8,ok,603.49,171.71,639.3,204.36,603.5915994658061,172.2067624751913,639.1704078604587,204.6134888248586,604.3369632046503,172.24961146208736,623.0060151248234,180.06128988705657
000049,15,Car,23.25483390609359,0.0,2,1,0.9771454613185871,0.13641309364055615,24,ok,287.85,175.62,379.41,228.84,287.93333708106087,176.22506147090235,379.52010940175455,229.3531197010136,305.9057603402154,175.15041737087762,349.56752489327835,190.90829046487696
000049,16,Van,35.61556120574264,0.0,3,1,0.9744531218365056,0.3539971202360183,198,ok,881.73,155.07,1040.99,215.24,882.4211546924689,155.93761639079634,1040.8428904698314,214.88070739981723,901.2362324940724,157.4397044729845,1015.1952074182901,187.20689984496653
000049,17,Car,22.431596019900145,0.38,3,1,0.9681054333598386,0.38865172752079924,50,ok,0.0,170.48,111.64,240.66,0.0,171.4587793236274,111.34649144536374,241.77608472684753,0.0,176.46091675216488,75.43564639412921,216.82705265713142
000061,0,Van,18.858870591846163,0.05,3,1,0.9699866414435606,0.7774189624909744,754,ok,1054.28,105.67,1241.0,249.94,1056.2277180576414,106.82392060334384,1241.0,251.69360565656783,1058.1300736111725,126.4464077158909,1231.163532730461,247.47609472858878
000061,1,Car,14.805975145190539,0.79,3,1,0.8720608278787242,0.4704022638802901,417,ok,0.0,212.28,41.28,328.12,0.0,210.8663552191857,41.35643887064087,343.45560804505067,0.0,224.4681417590333,22.96613269190339,340.25306655855155
000061,2,Car,41.06383688843506,0.0,2,1,0.9727477298770077,0.1367952816980691,8,ok,69.7,217.73,112.22,254.15,69.72294373408414,217.24038583229748,112.252329666391,254.63261097582128,70.64698901152221,241.82615305894905,90.01919905508798,252.76131316629593
000061,3,Car,21.305694074589542,0.14,1,1,0.9591071115636739,0.7733017709737509,168,ok,0.0,218.4,93.89,297.9,0.0,217.75544346188354,93.31368713454773,300.15404000262527,0.0,226.77771549862476,90.87886859484121,290.2921683053945
000061,4,Misc,37.18469308734442,0.0,3,1,0.9502838542374648,0.7969795176249713,71,ok,879.45,149.53,932.13,173.41,879.827447576867,150.16614786495748,932.2348401781705,173.06631255403633,879.40078116296,153.35959851856202,930.1913366463396,173.13390284697573
000061,5,Van,43.67330763750325,0.0,3,1,0.9667914579886671,0.3769136059658464,13,ok,884.04,123.51,923.63,169.76,884.5420967539615,123.89551783064833,923.5194726804868,169.31241345732965,885.8171571364444,145.42868506874635,922.2910911251225,164.35022358438647
000001,0,Truck,69.45757410102946,0.0,0,2,0.9378628164093085,0.07089817188180571,7,ok,599.41,156.4,629.75,189.25,599.8492375499051,157.33761579381633,629.8411848342162,189.84501263771423,600.7967726442047,160.7915282643842,603.9740167453704,183.03156013519407
000001,1,Car,60.827897382697685,0.0,0,2,0.9805792155970717,0.0,1,too_few_points,387.63,181.54,423.81,203.12,387.8809817461105,181.4595996302404,423.7698102507707,203.2919188152593,,,,
000001,2,Cyclist,46.08813404771341,0.0,3,2,0.9599369505629226,0.05611970455772515,6,ok,676.6,163.95,688.98,193.93,676.8632776535213,164.15631778742335,688.89370790702,194.0951566616923,686.808982902682,180.86519773671276,689.2570673342299,190.52851052266175
000004,0,Car,41.416147817004905,0.0,0,2,0.9800793602166951,0.39437578475415913,50,ok,280.38,185.1,344.9,215.59,280.6308266234518,184.85277444681324,344.8763067784587,215.83221683311902,283.20666628375005,194.93485011330839,324.3955032083497,213.7705817934774
000004,1,Car,53.62680206762287,0.0,0,2,0.9796579429978688,0.00027559746151842367,3,ok,365.14,184.54,406.11,205.2,365.345850196183,184.445901205217,406.0129449490881,205.38101053632593,378.23739067880064,203.24487884661764,383.2637055447547,203.29128994036492
000007,0,Car,25.076528866651383,0.0,0,2,0.9667119802019462,0.8644594575627553,113,ok,564.62,174.59,616.43,224.74,565.4822674388488,175.0120260902123,616.6555064316764,224.96047078357958,564.2743467384723,178.1139434243824,614.8625634120427,223.0865358633023
000007,1,Car,48.163697947728224,0.0,0,2,0.9719531768004971,0.0055437725503628505,7,ok,481.59,180.09,512.55,202.42,481.8496676318343,179.85710648600008,512.4094386793754,202.53901726391695,492.94916891853006,200.67007487235807,508.12007879831003,200.92270401624376
000007,2,Car,60.72708292022597,0.0,0,2,0.9732200547497134,0.0,0,too_few_points,542.05,175.55,565.27,193.79,542.2247136363295,175.73341160107591,565.2443510290931,193.94468803128316,,,,
000007,3,Cyclist,36.40301361151299,0.0,0,2,0.9790535391453362,0.0,0,too_few_points,330.6,176.09,355.61,213.6,330.8419174965761,176.13804376450176,355.49785328558744,213.8147887154328,,,,
000008,0,Car,4.884669896727925,0.88,3,2,0.993376964810551,0.9732035693929331,6379,ok,0.0,192.37,402.31,374.0,0.0,191.3346280888893,402.6967273731604,374.0,0.0,194.07962874668675,409.56449784247224,374.0
000008,1,Car,8.11609512019173,0.0,1,2,0.985383797759683,0.9564071515344912,1947,ok,334.85,178.94,624.5,372.04,335.783058370862,178.69011549395384,624.5448197689615,374.0,341.8460529673757,181.09506305544463,623.3352831457822,372.98992797058463
000008,2,Car,7.418099487065404,0.34,3,2,0.9865460364055325,0.8472092167890746,984,ok,937.29,197.39,1241.0,374.0,938.8093144611796,195.86942796206094,1241.0,374.0,956.3780112539029,214.33982341734384,1241.0,374.0
000008,3,Car,14.56231437649936,0.0,1,2,0.9740017462085421,0.7038556596663825,476,ok,597.59,176.18,720.9,261.14,598.0678967121008,176.35120042473784,721.2785777077737,262.63551523939844,596.5463719740733,181.14365839690217,692.037266009234,259.82974494405283
000008,4,Car,34.01558613341831,0.0,0,2,0.9648126354806893,0.19097355108491837,18,ok,741.18,168.83,792.25,208.43,741.6706475479675,169.3550315585611,792.2887502422866,208.91560853095123,741.0074038362594,183.12740964858367,758.0226987876706,206.10335218133736
000008,5,Car,21.75717123157328,0.0,0,2,0.9711096331637186,0.4961937914141751,144,ok,884.52,178.31,956.41,240.18,885.375574880649,178.2402751822824,956.1167360780912,240.94612760947086,887.8782323374884,183.39770589928497,926.7953680606978,240.10762876194852
000009,0,Car,23.954999478188263,0.0,0,2,0.9691905624919593,0.8346010152738346,138,ok,601.96,177.01,659.15,229.51,602.7258950069524,177.07969187873167,658.7444162269289,230.0091082194858,601.6870801248704,181.6734509394687,659.622862552106,225.97213157019263
000009,1,Car,66.39593436348343,0.0,2,2,0.9804577106969352,0.0,0,too_few_points,600.14,177.09,624.65,193.31,600.2515775209974,177.0745874239214,624.7781213729945,193.45767373211066,,,,
000009,2,Car,68.31325054482475,0.0,0,2,0.9765780955208441,0.0,0,too_few_points,574.98,178.64,598.45,194.01,575.140095178741,178.51572420211681,598.421445697845,194.12980928858352,,,,
000010,0,Car,7.027616950289763,0.8,0,2,0.984911449570525,0.8243448226650486,1660,ok,1013.39,182.46,1241.0,374.0,1015.2264077150546,181.08362111125447,1241.0,374.0,1029.767070308365,203.86325725071234,1241.0,374.0
000010,1,Car,12.153505667090464,0.0,0,2,0.9730093784212728,0.7696805213621359,903,ok,354.43,185.52,549.52,294.49,354.97416944722585,184.7725046188561,549.8571160610747,296.2672535655886,351.16411399554323,190.0870321075478,515.8535132594473,296.2891097797793
000010,2,Pedestrian,24.990228090195576,0.0,2,2,0.6918638501905229,0.0,0,too_few_points,859.54,159.8,879.68,221.4,852.9154293879426,159.93130560447275,881.862470097748,221.65420490634102,,,,
000010,3,Car,17.58300600011272,0.0,0,2,0.9665345171068871,0.6957474659294012,237,ok,819.63,178.12,926.85,251.56,820.6326146444272,177.98991240160436,926.213586761583,252.83263871366248,838.2199620054495,185.16947704583265,920.8539747977418,251.4676043496424
000010,4,Car,23.152187801587996,0.0,2,2,0.9658414616932302,0.04908755999991121,19,ok,800.54,178.06,878.75,230.56,801.4463740562173,177.90660108762395,878.7624069725051,231.63916915829682,809.4788192181438,180.12515648193497,846.8009918961325,185.5255588188414
000010,5,Car,23.708471059939736,0.0,0,2,0.9736929947835116,0.9203959028241895,189,ok,558.55,179.04,635.05,230.61,559.1191610178486,179.02753331906058,635.0644622466402,231.59426962806828,558.416914746441,182.39371221447723,634.3446343769884,230.3777962119495
000010,6,Car,29.129059373759393,0.0,2,2,0.9701812852632052,0.714957328611674,72,ok,598.3,178.68,652.25,218.17,598.9414033395154,178.68843734408998,652.2220242444396,218.87891260401935,605.9042338279432,183.59875893164767,650.1124275706463,218.33217628607767
000010,7,Car,29.64992074188395,0.0,1,2,0.9695534897583151,0.0,2,too_few_points,784.59,178.04,839.98,220.1,785.0678221749215,177.99508638777752,840.0357589581953,220.96625830925603,,,,
000010,8,Car,43.12322460113576,0.0,1,2,0.9731961226235505,0.282131664735385,18,ok,663.74,175.36,707.21,204.15,664.2152127096258,175.4288940904289,707.2008538336105,204.5477423570668,663.6228114892702,190.2699076205923,691.2502215430377,203.1201497357285
000011,0,Pedestrian,13.487212462180612,0.0,1,2,0.7617231065164821,0.7147274219604803,118,ok,883.68,144.15,937.35,259.01,872.3139701353475,144.4122272280948,942.4710022834482,259.3021124565615,869.586690663859,153.48890327517822,937.2109141945706,254.87320665956517
000011,1,Pedestrian,14.559921016269284,0.0,2,2,0.9708695625871554,0.48858001447839267,22,ok,873.7,152.1,933.44,256.07,874.9735414851298,152.23039459628572,933.2053602827806,256.3624767733045,881.7561424690443,168.73134013420403,918.7972404511272,250.65797349479223
000011,2,Car,27.157706088696077,0.0,0,2,0.9622486896042994,0.8329173966239858,135,ok,444.29,171.04,504.95,225.82,445.02358593009217,171.9676073863049,504.8867768841907,226.27600114783556,444.10227340856994,175.57086169546966,499.6848450192628,225.6762709480761
000011,3,Pedestrian,34.1870048410211,0.0,0,2,0.6641050054820695,0.0,2,too_few_points,649.28,168.1,664.61,206.4,645.966167796266,168.34718204537592,668.9003652613195,206.4828304989361,,,,
000011,4,Car,6.8332861786990895,0.98,0,2,0.982799839978754,0.8320878317190064,3467,ok,0.0,217.12,85.92,374.0,0.0,214.96720042586304,85.59656521482813,374.0,0.0,239.2868105582961,83.25702753238603,374.0
000011,5,Pedestrian,17.91347258350541,0.0,0,2,0.7876745079392184,0.023115124671782793,13,ok,240.35,190.31,268.02,261.61,236.3630222171076,190.70010149639117,271.28204395022004,261.7267221369062,239.4549792766255,256.3437185744009,270.8697099304951,257.9969989117101
000012,0,Car,59.13815773255031,0.0,0,2,0.9702557474704571,0.003999588550659942,6,ok,662.2,185.85,690.21,205.03,662.4127626428843,185.68958356531368,690.1349186753105,205.2584181947708,669.964496405655,204.25450647589602,680.3518081819146,204.4613652091865
000012,1,Van,66.37461035667177,0.0,0,2,0.9726182775303641,0.0,0,too_few_points,448.07,177.14,481.6,206.41,448.50409396229236,177.2017166271295,481.48319608898134,206.68163281568044,,,,
000015,0,Car,5.221350400040204,0.89,0,2,0.9912411296450793,0.9104196158202275,6255,ok,0.0,194.7,414.71,373.0,0.0,196.22647532011217,414.79338274711637,373.0,0.0,208.17761136426793,421.6041795577675,373.0
000015,1,Pedestrian,9.052043968077044,0.0,1,2,0.572380053604775,0.5133342739902368,425,ok,1021.76,133.28,1101.39,316.63,987.8187161307981,132.6542849670998,1126.330933889528,316.3193805641278,985.6110929935379,156.10371664218144,1128.3609291435346,317.81235006142833
000015,2,Pedestrian,24.305951945974055,0.0,0,2,0.5880880804465123,0.32522248971043244,69,ok,672.23,171.73,690.13,224.33,662.7646074562543,171.758261147998,688.3457420920323,224.2461682919993,663.0257682447341,176.39361591526367,681.6357939033227,224.52428387924638
000015,3,Pedestrian,24.483839568172307,0.0,0,2,0.7118486738615575,0.0,0,too_few_points,692.68,169.14,712.48,224.03,686.4648321534155,169.0405645070376,714.1820223689004,223.89896771779314,,,,
000015,4,Pedestrian,23.408197282148834,0.0,0,2,0.729137193930143,0.0,1,too_few_points,537.84,168.08,560.9,224.34,530.9373733624349,168.22327607201495,562.5026878563468,224.34396515400263,,,,
000016,0,Car,44.631107985350305,0.0,2,2,0.9792166491764549,0.0,0,too_few_points,661.23,174.85,694.38,197.63,661.3091206048756,175.0096492086401,694.4038212475683,197.87948218760903,,,,
000016,1,Truck,28.136895706527397,0.0,2,2,0.9573142425561406,0.45909488049449,1533,ok,125.12,91.71,474.04,253.26,126.11973549516009,94.7550443077408,473.48420706449025,256.5591101915768,155.13442863215164,145.00532443692768,439.391990771001,236.0434377784462
000016,2,Car,33.47478752733168,0.0,0,2,0.9602189787890513,0.7195390388572328,29,ok,684.49,172.19,733.85,205.26,684.9527530538684,172.6122524346565,733.6702373170714,205.7541675881495,684.4345613988902,179.07823724790842,730.1117228455628,205.83456150660157
000016,3,Car,7.270508923039706,0.5,0,2,0.9953459048459267,0.9062419319419773,2289,ok,0.0,193.56,386.2,374.0,0.0,192.8194670923925,385.97929031589484,374.0,0.0,210.40093644928476,386.39997475463264,374.0
000016,4,Car,47.221576636109894,0.0,0,2,0.9752310914029001,0.0,0,too_few_points,494.45,181.84,527.48,205.27,494.6974708050685,181.78934171892882,527.3061219977037,205.51166864492288,,,,
000016,5,Tram,90.98314239462165,0.0,2,2,0.941131627814431,0.0,0,too_few_points,587.32,158.63,648.66,188.51,587.4756981077165,159.48128460575722,648.8090390166839,189.32574468416112,,,,
000019,0,Truck,6.5569352597078465,0.74,1,2,0.9976527204689122,0.7438902759469138,8585,ok,0.0,0.0,424.74,374.0,0.0,0.0,425.73932921304083,374.0,0.0,94.12679133300578,422.223420505861,374.0
000019,1,Car,10.25674899761128,0.0,0,2,0.9758631367180104,0.8853849142195412,992,ok,742.41,184.49,944.56,321.39,743.7322163121494,183.40463196053423,944.6047742712759,322.75830229298236,759.7968108167926,186.75470430509773,943.4676192717271,320.1588033351826
000019,2,Van,35.471560439315326,0.0,0,2,0.9578886787066023,0.5516690672989776,49,ok,639.17,169.69,683.48,212.97,639.7595342347978,170.45102591526881,683.3328844464912,213.34653029045444,642.4344157813863,179.66888525602187,676.1778783644547,211.02180492680222
000019,3,Car,59.7673907745687,0.0,0,2,0.9673706713528771,0.0,0,too_few_points,551.01,184.06,575.42,204.29,551.2956464910102,183.8666357348598,575.2628965325001,204.40528059745017,,,,
000021,0,Cyclist,4.499388847388055,0.89,0,2,0.9609386273004766,0.9404197044856493,1770,ok,1056.16,190.5,1241.0,374.0,1061.6485899814204,188.65642136487105,1241.0,374.0,1060.808199918477,196.98147206991788,1241.0,374.0
000021,1,Car,13.730833914952145,0.0,0,2,0.9768652908104368,0.9231879926816255,739,ok,359.43,179.3,516.3,270.97,359.42946723924905,178.97950068867502,516.377331251277,272.7739287470463,355.72884699241956,183.47539750824964,516.4907338559412,271.88110264598976
000021,2,Car,17.852240755714675,0.0,1,2,0.9556539485817545,0.7114354929901626,270,ok,444.13,163.92,559.2,247.04,445.3438813548979,165.33209387847134,558.9621845908925,248.35744891820576,467.30126184324223,167.78563717995837,553.2582372434401,247.16847004663515
000021,3,Van,23.95364064187321,0.0,1,2,0.9740971552771425,0.6763793265179862,814,ok,870.59,115.22,1101.06,213.85,871.8653573460442,116.44459782312494,1100.7730465350082,213.1755201496682,886.4463804287452,138.19920220421042,1093.541987090736,212.44004168720315
000021,4,Car,26.519609725635103,0.0,0,2,0.966089712612265,0.6736723149068181,115,ok,724.49,171.09,790.5,215.13,724.7563002323275,171.9403467399762,790.556717720553,215.5795985395809,735.1332885623734,172.31007688485488,783.2762450794813,212.98933142943818
000021,5,Car,26.92237359520887,0.0,1,2,0.9572550766705945,0.8468772275893353,109,ok,534.25,166.2,596.08,216.76,535.0111219799,167.0202108849874,595.915376385145,217.39233896850016,534.9204470304849,171.31479706243007,595.4311654208724,215.0664492348959
000021,6,Car,32.63841601548703,0.0,2,2,0.960326484610934,0.6830367728341673,12,ok,709.81,162.43,765.7,205.68,710.2848767352785,163.1935186832409,765.5014543187472,206.14422748078974,719.4342485840561,165.0101225228124,765.9945902028995,200.85256615873018
000021,7,Car,31.832576081743685,0.0,2,2,0.9754137973252115,0.698025499814273,38,ok,562.02,166.42,605.57,206.89,562.3024472513196,166.8479980321676,605.6306380533558,207.15062963165815,565.3720297716676,172.0366535530301,600.7181344114217,206.84241130648115
000023,0,Truck,69.30794254629119,0.0,0,2,0.9178828944414382,0.05589708231904279,10,ok,599.21,156.67,629.63,189.6,599.9569369496087,157.64681469393744,630.0198696423093,190.22487300273383,599.6646935840688,160.77618977936703,602.8346880833873,178.43988535415187
000023,1,Car,57.5697507376921,0.0,0,2,0.9821580102147335,0.0,0,too_few_points,372.95,182.64,412.21,205.68,373.1396449843585,182.4820508295903,412.1340955212618,205.7836972103021,,,,
000023,2,Cyclist,45.014563199035926,0.0,3,2,0.9779735140244343,0.10184785652136885,7,ok,677.94,164.64,690.85,195.36,678.1378184454799,164.7667944800857,690.8494130317056,195.4427587791681,687.5934350655562,176.13098373437558,690.408854408,190.47782380104985
000025,0,Car,4.311252718178325,0.94,3,2,0.9856064839830768,0.8625015145002701,1301,ok,896.11,218.17,1241.0,374.0,898.5029003166934,216.98302958382394,1241.0,374.0,912.9467267522069,232.6983725525731,1241.0,374.0
000025,1,Car,10.775778394157891,0.0,0,2,0.9742745637668554,0.7305036672360877,982,ok,351.84,183.19,537.77,308.64,351.7666609883152,182.21023161523294,538.1847944063541,310.63553951776197,346.57444760226963,191.782902754634,505.1793947521462,312.3544921331108
000025,2,Car,30.240755612252812,0.0,0,2,0.9669282727866185,0.34240949573989315,22,ok,562.48,173.46,618.49,217.36,562.8961453665445,173.96220737936218,618.3098523894125,217.8697250443342,563.3345577422988,179.85878325230843,587.2460046571366,215.06910846157623
000025,3,Car,17.940526748119744,0.0,0,2,0.9751509760069702,0.48356232504004365,205,ok,724.21,178.91,805.39,249.94,725.107421124518,178.98822669072274,805.3517843060697,250.84158412620693,730.1057728933033,186.3592448016144,774.0841710449683,250.30937514750488
000025,4,Cyclist,44.75969392209916,0.0,3,2,0.9524540462083634,0.0,0,too_few_points,650.19,175.43,659.99,205.2,650.5437383040933,175.55904926698628,659.9504092361298,205.3058116824079,,,,
000025,5,Car,22.771293331736782,0.0,1,2,0.9728015225905532,0.0,2,too_few_points,720.81,187.01,779.98,236.22,721.1333059631885,186.67116853149815,780.0457783260022,236.9304858242921,,,,
000031,0,Car,12.73406847790603,0.0,0,2,0.9764220979806445,0.912482878394012,981,ok,334.28,180.65,490.02,297.48,335.7273438441271,179.98405255694783,490.0223086671438,298.5374760804724,331.45987829760793,185.25096222373793,492.22839695997243,295.0925063247812
000031,1,Car,9.180201522842514,0.0,0,2,0.9908609426857024,0.7872126349701264,905,ok,785.85,179.67,1028.82,340.75,786.7491195548324,179.3046239343149,1028.728879630269,341.21114269259,820.2260475300575,181.87096974440183,1017.7995350846587,344.4834028424319
000031,2,Car,13.55821522177606,0.0,1,2,0.978203384985609,0.4457729719365846,278,ok,711.98,179.65,848.82,277.62,713.0546386126352,179.1224587910857,849.175673072752,278.2403169952203,731.7657137268905,186.69360020189464,797.5246004057368,277.7254327528839
000031,3,Truck,22.591451923238576,0.0,2,2,0.9749500890581079,0.5919657433212026,283,ok,445.91,131.69,539.77,228.36,446.41317124655757,132.98454455565914,539.7122187552809,228.93476767171188,446.0503819829706,147.0690414238523,513.8264682692458,226.3177797115869
000031,4,Car,26.60241154482052,0.0,0,2,0.9753634061961808,0.37715174376811134,71,ok,660.82,178.72,713.09,222.03,661.2641280806298,178.71072078852194,712.8565615531642,222.54589034184696,664.6053999277361,182.34281656840835,686.1761891091217,222.31057199876696
000031,5,Van,51.96460911043207,0.0,0,2,0.9697643693994995,0.230413350306741,11,ok,620.95,171.59,649.36,200.46,621.2906993658673,171.97754619301378,649.3347837026845,200.58379695868027,622.3792055914265,181.9600976852417,633.0498500112747,199.67076839281478
000032,0,Car,9.801535593977098,0.0,0,2,0.9783876372773933,0.9161358669451805,1390,ok,178.19,189.36,435.56,344.73,178.1443875527685,188.62503752445608,436.1907794226634,347.0108734139042,174.82772578844197,192.59188420542876,433.7654388389781,352.2338583805936
000032,1,Car,9.275570063343816,0.0,0,2,0.9812337248216836,0.8235330657254845,992,ok,776.17,182.37,1014.36,335.44,777.6705926778095,182.02622179328785,1013.5778336703476,336.54253011711035,804.4242058702599,188.29360329329546,1012.3146304878518,338.7373564332828
000032,2,Van,14.905562720004903,0.0,1,2,0.9758648795116649,0.8058442008634265,757,ok,340.65,150.97,489.14,274.11,341.12140444055734,152.555046472,489.5298290328204,274.81708714426026,343.7171214667449,156.0696459942524,470.7090178206153,276.60433978597604
000032,3,Car,13.898881249942386,0.0,1,2,0.9742995924477093,0.3710809288404808,158,ok,711.6,180.21,863.08,273.6,712.314041241092,179.26942630684297,863.7530219875109,274.2565717864618,737.7711799902598,181.99843969790533,806.6289081873551,258.23646113819234
000032,4,Car,20.23326468961448,0.0,2,2,0.9663012576153752,0.164994342647871,19,ok,709.49,176.89,777.81,234.26,709.9161720281708,177.14060897060267,777.4996493515463,235.37615334215786,709.2395702714975,183.9629770806204,739.487032051607,205.55145909520843
000032,5,Van,25.46885352739695,0.0,2,2,0.977986335978767,0.48616180278088683,179,ok,119.13,141.28,368.15,230.69,119.5039409132526,142.97603150445732,368.1824370955335,230.56046849929453,172.0299688112625,147.3655477435708,337.73478211713325,212.68853449609486
000032,6,Car,25.887692056264886,0.0,2,2,0.9632107856685036,0.21625412028009727,51,ok,725.15,164.18,806.31,219.41,725.8924318160255,164.95046522737965,806.3297583317685,220.19611296663183,727.6403566069132,168.1813980035247,772.3585414459376,189.858304568677
000032,7,Van,44.74503994857977,0.0,0,2,0.9657722335415692,0.634442668884591,24,ok,611.72,163.22,643.8,197.13,612.1551095380427,163.6660026079232,643.7350290917562,197.3330109411708,612.5614500096804,168.29359591857,638.4287148807972,194.97471386323645
000032,8,Van,41.11421165485239,0.0,2,2,0.9690058707868661,0.3188393691067975,96,ok,780.93,147.56,917.34,199.48,781.5408337122395,148.52853011153715,917.339598877495,199.06576546674543,788.005674165253,152.22533177244574,860.251176952667,183.4819519948859
000032,9,Car,45.17375676208478,0.0,0,2,0.9628772902070948,0.3466209792306548,10,ok,494.77,173.81,531.54,199.22,494.85283211104957,174.22767368896297,531.7657899049505,199.55264662467962,495.2591461282056,182.88336104656298,519.3651416358268,196.3180640005222
000043,0,Pedestrian,12.847509486277875,0.0,0,2,0.7353322072101504,0.6982456245782362,56,ok,471.56,174.73,502.47,266.4,466.10431265793187,175.05310837460217,507.9994355769062,266.30890104709573,465.67355834699845,185.58201292121873,500.47013397466793,267.46144485864573
000043,1,Pedestrian,12.72912015812562,0.0,0,2,0.9070836411582872,0.8017614375577993,203,ok,441.08,170.15,473.22,268.12,438.92218850599966,170.39824758857097,472.34124713064364,268.36565229836106,436.096686034902,176.50395510103306,473.86322672858876,268.3411244428081
000043,2,Pedestrian,20.711064675675175,0.0,0,2,0.8114317456189969,0.8890964536756482,87,ok,684.72,161.94,711.08,230.1,680.174033267347,162.01147378875106,712.5665043723657,230.23798851294126,683.3909442395864,162.0015203550546,709.7139066423914,229.0862186414186
000043,3,Pedestrian,20.62876632278334,0.0,0,2,0.7393544676214817,0.37541654003690983,14,ok,719.54,160.0,745.42,229.67,712.4257147206886,160.10491809788257,747.366846520692,229.6074026886894,713.2222665710128,185.00645356142303,737.3239744430366,228.92612187174723
000048,0,Pedestrian,16.9372843159699,0.0,0,2,0.7428340489657085,0.6219897755525948,127,ok,659.64,160.9,687.89,236.97,650.5185844788841,160.81018381370345,687.488454828534,236.77048279270358,648.6789131922116,164.9371647062246,685.6683428491274,239.01964145495555
000048,1,Pedestrian,17.211362525959416,0.0,0,2,0.7343542011568722,0.5921694286167024,49,ok,680.59,157.38,711.83,236.18,672.9630173041974,157.5730134965672,715.4119078679048,236.14191244356445,672.7875450341735,177.46596429992857,714.0037518880494,235.01088146667138
000048,2,Pedestrian,16.627450195384743,0.0,0,2,0.6113620247382592,0.0,36,ok,453.2,159.81,482.53,241.31,436.0897053007659,159.9945358993101,483.9688648668152,241.22950966182626,435.2548527976455,179.61921760869026,449.30035007298795,242.8014238934012
000048,3,Cyclist,30.4403301558968,0.0,0,2,0.9556405768602276,0.0,0,too_few_points,600.22,162.56,622.05,206.65,600.9738827243284,162.50318019636518,621.9184216677165,206.52977705871808,,,,
000049,0,Car,21.60752415247985,0.0,0,2,0.9718225938597228,0.48367601034381846,121,ok,595.5,177.15,657.31,227.34,596.1267011954695,177.49598708230516,657.5340999804151,227.74107719295873,595.1965157038777,180.86394425215138,629.9094630232195,224.65740039267786
000049,1,Car,14.431735862327859,0.0,0,2,0.9702037568702869,0.748157031420581,423,ok,305.23,179.59,494.97,263.68,305.9072734279399,179.8485057165719,494.5352492375484,265.50033225883084,312.86713938164365,178.7014687453704,457.9730743239572,265.23187659278966
000049,2,Car,22.3452746682604,0.0,2,2,0.971827383677246,0.5119831979672976,96,ok,410.09,176.18,514.77,228.78,410.71263166178136,176.5177405326309,514.8405375444082,229.60658515330098,445.4884297028726,178.28071176617078,503.7005057486801,226.70821500393296
000049,3,Car,25.244710337019118,0.0,2,2,0.9655017273894114,0.5011956485636524,82,ok,435.96,173.6,537.84,218.33,436.1481361523229,174.20161855068497,538.1202209207707,219.09865847376818,471.6910281361718,174.64703084316733,524.3657869801423,218.97374065325815
000049,4,Car,32.80861624634602,0.0,2,2,0.9576592442823294,0.03887271657854953,11,ok,473.64,171.53,556.16,203.86,473.9956656357029,172.1371539478265,556.2318639348146,204.4871588282381,517.2881617069755,185.20205391887805,528.9866825951281,194.06705638938604
000049,5,Van,45.87890582827799,0.0,3,2,0.9643710323511584,0.12137979319075617,17,ok,515.19,156.84,585.71,193.55,515.5508569734449,157.38830591515645,585.753745269618,194.12597743926378,546.2864538463737,159.9572771428585,556.1486260146437,191.8190913911878
000049,6,Pedestrian,5.707845477936487,0.29,3,2,0.7278903057181423,0.6514820350231657,1270,ok,984.43,188.05,1128.77,374.0,951.8577245893068,188.37690056476015,1149.9026379023128,374.0,948.3292183476955,199.32203568364412,1160.5712810583618,374.0
000049,7,Car,10.530056979902815,0.0,1,2,0.9821619268017031,0.7629985463066522,306,ok,823.97,189.33,1083.14,327.79,824.9892559490418,188.66136840812115,1082.9232100789143,328.97257126371,836.8670983156234,191.67401866550964,1040.0582448417092,326.42377410215687
000049,8,Car,15.530991597447988,0.0,1,2,0.9808795133183608,0.41420325529304436,171,ok,753.34,185.35,885.42,263.59,753.9829653628616,184.85113157996162,885.1799551303761,264.08969234252936,774.823977354696,188.3797263448275,840.2681496772865,253.78434687454384
000049,9,Car,20.710943966898274,0.0,2,2,0.9693536791289407,0.23012981020233705,55,ok,719.83,169.31,816.44,238.11,720.4623798599148,170.46434323421525,816.5518670739141,238.561606198555,742.8568174598541,169.00883015926365,785.1370408353155,205.5574391183695
000049,10,Pedestrian,32.830986887390395,0.0,0,2,0.7023424674735368,0.00022210232324282908,5,ok,693.57,173.32,709.9,209.83,687.2543649315686,173.4991322090187,710.3931798026124,209.87935576503313,687.8455682247352,206.00782718654105,695.9588574208578,206.0632887481108
000049,11,Car,33.28710561163286,0.0,2,2,0.9733507704553465,0.8438854029472145,96,ok,776.77,170.97,882.28,211.7,777.2036994081187,171.673094172071,882.1292043899753,211.53851399921675,784.997031392159,172.32956335567886,881.3736835861044,209.95830295924924
000049,12,Car,14.50226189254628,0.07,3,2,0.9812738323888572,0.7678409884096719,352,ok,0.0,178.64,252.92,280.6,0.0,178.47552336549273,252.87598082667043,282.36353137850654,0.0,180.87085688291697,239.99331495697726,263.37678365955514
000049,13,Car,19.08105080963834,0.0,1,2,0.9775133658087097,0.6666844729837386,287,ok,194.14,174.89,341.99,241.74,194.82313020541372,175.1222260726661,341.91417714994725,242.6953142241801,199.92182988677922,178.54845336703963,306.1703469034957,243.4997487249447
000049,14,Car,35.70534273746718,0.0,2,2,0.9709378648491018,0.6861346028173549,7,ok,603.49,171.71,639.3,204.36,603.5915994658061,172.2067624751913,639.1704078604587,204.6134888248586,607.9066552945502,175.65556099869215,637.5587875572438,202.71014746268986
000049,15,Car,23.25483390609359,0.0,2,2,0.9771454613185871,0.08929234652808204,17,ok,287.85,175.62,379.41,228.84,287.93333708106087,176.22506147090235,379.52010940175455,229.3531197010136,305.7577527513042,175.24882097192372,335.08519706543643,190.4892748557359
000049,16,Van,35.61556120574264,0.0,3,2,0.9744531218365056,0.28335258334438823,176,ok,881.73,155.07,1040.99,215.24,882.4211546924689,155.93761639079634,1040.8428904698314,214.88070739981723,906.6596624275713,157.77776212754964,998.6874566435506,187.2827123770923
000049,17,Car,22.431596019900145,0.38,3,2,0.9681054333598386,0.29005154233009595,41,ok,0.0,170.48,111.64,240.66,0.0,171.4587793236274,111.34649144536374,241.77608472684753,0.0,176.54005200797147,55.466619024205485,217.5110626218137
000061,0,Van,18.858870591846163,0.05,3,2,0.9699866414435606,0.6732678098048688,651,ok,1054.28,105.67,1241.0,249.94,1056.2277180576414,106.82392060334384,1241.0,251.69360565656783,1075.7350315080964,127.3373875009514,1226.9038222808438,247.3128912030982
000061,1,Car,14.805975145190539,0.79,3,2,0.8720608278787242,0.029017032557521444,353,ok,0.0,212.28,41.28,328.12,0.0,210.8663552191857,41.35643887064087,343.45560804505067,0.0,225.2881992068857,1.3495816369370264,328.73494264056984
000061,2,Car,41.06383688843506,0.0,2,2,0.9727477298770077,0.0,1,too_few_points,69.7,217.73,112.22,254.15,69.72294373408414,217.24038583229748,112.252329666391,254.63261097582128,,,,
000061,3,Car,21.305694074589542,0.14,1,2,0.9591071115636739,0.7427040581417754,162,ok,0.0,218.4,93.89,297.9,0.0,217.75544346188354,93.31368713454773,300.15404000262527,0.0,227.55854001384282,86.01391390075369,292.01011799809334
000061,4,Misc,37.18469308734442,0.0,3,2,0.9502838542374648,0.7999293192237557,54,ok,879.45,149.53,932.13,173.41,879.827447576867,150.16614786495748,932.2348401781705,173.06631255403633,879.2436683095385,153.68468587726795,931.3796711494822,173.12479374039606
000061,5,Van,43.67330763750325,0.0,3,2,0.9667914579886671,0.38761842010759834,14,ok,884.04,123.51,923.63,169.76,884.5420967539615,123.89551783064833,923.5194726804868,169.31241345732965,884.3619754041162,145.80695508483228,922.1298349764702,164.59922636904605
000001,0,Truck,69.45757410102946,0.0,0,3,0.9378628164093085,0.0,1,too_few_points,599.41,156.4,629.75,189.25,599.8492375499051,157.33761579381633,629.8411848342162,189.84501263771423,,,,
000001,1,Car,60.827897382697685,0.0,0,3,0.9805792155970717,0.0,0,too_few_points,387.63,181.54,423.81,203.12,387.8809817461105,181.4595996302404,423.7698102507707,203.2919188152593,,,,
000001,2,Cyclist,46.08813404771341,0.0,3,3,0.9599369505629226,0.0,0,too_few_points,676.6,163.95,688.98,193.93,676.8632776535213,164.15631778742335,688.89370790702,194.0951566616923,,,,
000004,0,Car,41.416147817004905,0.0,0,3,0.9800793602166951,0.012249573692669805,12,ok,280.38,185.1,344.9,215.59,280.6308266234518,184.85277444681324,344.8763067784587,215.83221683311902,292.1020712455623,212.89077400505047,320.26560772889417,213.7464031507784
000004,1,Car,53.62680206762287,0.0,0,3,0.9796579429978688,0.0,0,too_few_points,365.14,184.54,406.11,205.2,365.345850196183,184.445901205217,406.0129449490881,205.38101053632593,,,,
000007,0,Car,25.076528866651383,0.0,0,3,0.9667119802019462,0.8964616441992445,69,ok,564.62,174.59,616.43,224.74,565.4822674388488,175.0120260902123,616.6555064316764,224.96047078357958,564.1512672592411,178.26709639788535,616.6121489019098,225.83280904210656
000007,1,Car,48.163697947728224,0.0,0,3,0.9719531768004971,0.010297976346533214,10,ok,481.59,180.09,512.55,202.42,481.8496676318343,179.85710648600008,512.4094386793754,202.53901726391695,486.963904141298,200.64020610383625,506.81814290765834,200.99878797129875
000007,2,Car,60.72708292022597,0.0,0,3,0.9732200547497134,0.0,0,too_few_points,542.05,175.55,565.27,193.79,542.2247136363295,175.73341160107591,565.2443510290931,193.94468803128316,,,,
000007,3,Cyclist,36.40301361151299,0.0,0,3,0.9790535391453362,0.0005601434409851752,3,ok,330.6,176.09,355.61,213.6,330.8419174965761,176.13804376450176,355.49785328558744,213.8147887154328,334.5636508457991,211.82522797297028,339.80526069993635,211.92548049771204
000008,0,Car,4.884669896727925,0.88,3,3,0.993376964810551,0.9654521877772303,6147,ok,0.0,192.37,402.31,374.0,0.0,191.3346280888893,402.6967273731604,374.0,0.0,194.44568944723335,412.0554938348103,374.0
000008,1,Car,8.11609512019173,0.0,1,3,0.985383797759683,0.9710077205675345,1830,ok,334.85,178.94,624.5,372.04,335.783058370862,178.69011549395384,624.5448197689615,374.0,332.5994897377619,181.23516627200416,625.5288299160065,373.26772932883796
000008,2,Car,7.418099487065404,0.34,3,3,0.9865460364055325,0.7769793921046371,870,ok,937.29,197.39,1241.0,374.0,938.8093144611796,195.86942796206094,1241.0,374.0,980.2938543000342,214.142648475293,1241.0,374.0
000008,3,Car,14.56231437649936,0.0,1,3,0.9740017462085421,0.6108209492751822,313,ok,597.59,176.18,720.9,261.14,598.0678967121008,176.35120042473784,721.2785777077737,262.63551523939844,597.2944606947427,181.28017522319442,679.0888860602581,259.97353539871546
000008,4,Car,34.01558613341831,0.0,0,3,0.9648126354806893,0.0,0,too_few_points,741.18,168.83,792.25,208.43,741.6706475479675,169.3550315585611,792.2887502422866,208.91560853095123,,,,
000008,5,Car,21.75717123157328,0.0,0,3,0.9711096331637186,0.2625474705425881,77,ok,884.52,178.31,956.41,240.18,885.375574880649,178.2402751822824,956.1167360780912,240.94612760947086,885.3296042744307,187.45060631605202,907.7356533286171,239.569016038063
000009,0,Car,23.954999478188263,0.0,0,3,0.9691905624919593,0.8310332571309776,104,ok,601.96,177.01,659.15,229.51,602.7258950069524,177.07969187873167,658.7444162269289,230.0091082194858,601.4499736310154,181.8081638108889,659.4816249805713,225.97760717087613
000009,1,Car,66.39593436348343,0.0,2,3,0.9804577106969352,0.0,0,too_few_points,600.14,177.09,624.65,193.31,600.2515775209974,177.0745874239214,624.7781213729945,193.45767373211066,,,,
000009,2,Car,68.31325054482475,0.0,0,3,0.9765780955208441,0.0,0,too_few_points,574.98,178.64,598.45,194.01,575.140095178741,178.51572420211681,598.421445697845,194.12980928858352,,,,
000010,0,Car,7.027616950289763,0.8,0,3,0.984911449570525,0.8186161792839661,1526,ok,1013.39,182.46,1241.0,374.0,1015.2264077150546,181.08362111125447,1241.0,374.0,1031.4242663831103,203.70960586052686,1241.0,374.0
000010,1,Car,12.153505667090464,0.0,0,3,0.9730093784212728,0.7082292902586437,753,ok,354.43,185.52,549.52,294.49,354.97416944722585,184.7725046188561,549.8571160610747,296.2672535655886,352.4885756884415,190.25961118039922,502.7411726595527,296.92391519135595
000010,2,Pedestrian,24.990228090195576,0.0,2,3,0.6918638501905229,0.00013596575049921986,3,ok,859.54,159.8,879.68,221.4,852.9154293879426,159.93130560447275,881.862470097748,221.65420490634102,869.6223844684969,217.03823787822688,874.8325512678376,217.0706134968479
000010,3,Car,17.58300600011272,0.0,0,3,0.9665345171068871,0.743693751459801,194,ok,819.63,178.12,926.85,251.56,820.6326146444272,177.98991240160436,926.213586761583,252.83263871366248,834.6032550597863,185.2775071832051,923.4890251193863,251.16005173165445
000010,4,Car,23.152187801587996,0.0,2,3,0.9658414616932302,0.024160904261663722,15,ok,800.54,178.06,878.75,230.56,801.4463740562173,177.90660108762395,878.7624069725051,231.63916915829682,814.3233773706964,180.2608445181175,832.7917018729561,185.63248919053268
000010,5,Car,23.708471059939736,0.0,0,3,0.9736929947835116,0.9026084243293846,152,ok,558.55,179.04,635.05,230.61,559.1191610178486,179.02753331906058,635.0644622466402,231.59426962806828,558.277926207529,182.52977122579242,633.0662911037086,230.4744423865353
000010,6,Car,29.129059373759393,0.0,2,3,0.9701812852632052,0.6053944017225685,53,ok,598.3,178.68,652.25,218.17,598.9414033395154,178.68843734408998,652.2220242444396,218.87891260401935,599.6544069242254,192.38879127451827,649.9960984162012,218.43530738600657
000010,7,Car,29.64992074188395,0.0,1,3,0.9695534897583151,0.0,0,too_few_points,784.59,178.04,839.98,220.1,785.0678221749215,177.99508638777752,840.0357589581953,220.96625830925603,,,,
000010,8,Car,43.12322460113576,0.0,1,3,0.9731961226235505,0.0034475934505164055,13,ok,663.74,175.36,707.21,204.15,664.2152127096258,175.4288940904289,707.2008538336105,204.5477423570668,665.7946516826973,202.9254584269261,691.1183088043173,203.09583933456796
000011,0,Pedestrian,13.487212462180612,0.0,1,3,0.7617231065164821,0.6571026859888206,24,ok,883.68,144.15,937.35,259.01,872.3139701353475,144.4122272280948,942.4710022834482,259.3021124565615,870.0585677091466,159.1209569470874,940.9899022624163,254.8206877790444
000011,1,Pedestrian,14.559921016269284,0.0,2,3,0.9708695625871554,0.26752697352316474,10,ok,873.7,152.1,933.44,256.07,874.9735414851298,152.23039459628572,933.2053602827806,256.3624767733045,878.9595940715841,183.2864496014214,903.7593542475969,250.28931220110672
000011,2,Car,27.157706088696077,0.0,0,3,0.9622486896042994,0.754603129896296,81,ok,444.29,171.04,504.95,225.82,445.02358593009217,171.9676073863049,504.8867768841907,226.27600114783556,444.3472445159656,180.26551163945712,499.5611353584115,225.6800269783446
000011,3,Pedestrian,34.1870048410211,0.0,0,3,0.6641050054820695,0.0007343398321133853,3,ok,649.28,168.1,664.61,206.4,645.966167796266,168.34718204537592,668.9003652613195,206.4828304989361,653.5370950296,202.13416907753995,658.1464144121236,202.2277099062189
000011,4,Car,6.8332861786990895,0.98,0,3,0.982799839978754,0.8021688435206639,3250,ok,0.0,217.12,85.92,374.0,0.0,214.96720042586304,85.59656521482813,374.0,0.0,240.49755138052552,92.06420895118646,374.0
000011,5,Pedestrian,17.91347258350541,0.0,0,3,0.7876745079392184,0.022578127999290223,13,ok,240.35,190.31,268.02,261.61,236.3630222171076,190.70010149639117,271.28204395022004,261.7267221369062,239.27576842569368,256.35495514417494,270.71237596854337,257.9697386611066
000012,0,Car,59.13815773255031,0.0,0,3,0.9702557474704571,0.0,0,too_few_points,662.2,185.85,690.21,205.03,662.4127626428843,185.68958356531368,690.1349186753105,205.2584181947708,,,,
000012,1,Van,66.37461035667177,0.0,0,3,0.9726182775303641,0.0,0,too_few_points,448.07,177.14,481.6,206.41,448.50409396229236,177.2017166271295,481.48319608898134,206.68163281568044,,,,
000015,0,Car,5.221350400040204,0.89,0,3,0.9912411296450793,0.9108862097286068,6032,ok,0.0,194.7,414.71,373.0,0.0,196.22647532011217,414.79338274711637,373.0,0.0,208.5951172609399,420.23157332974614,373.0
000015,1,Pedestrian,9.052043968077044,0.0,1,3,0.572380053604775,0.5170384933133579,338,ok,1021.76,133.28,1101.39,316.63,987.8187161307981,132.6542849670998,1126.330933889528,316.3193805641278,982.8863188930108,156.4788910677096,1124.7544661871982,317.31713635314026
000015,2,Pedestrian,24.305951945974055,0.0,0,3,0.5880880804465123,0.0,29,ok,672.23,171.73,690.13,224.33,662.7646074562543,171.758261147998,688.3457420920323,224.2461682919993,661.7373659341214,180.97329634674003,668.8321926797236,220.99600980396755
000015,3,Pedestrian,24.483839568172307,0.0,0,3,0.7118486738615575,0.0,0,too_few_points,692.68,169.14,712.48,224.03,686.4648321534155,169.0405645070376,714.1820223689004,223.89896771779314,,,,
000015,4,Pedestrian,23.408197282148834,0.0,0,3,0.729137193930143,0.0,0,too_few_points,537.84,168.08,560.9,224.34,530.9373733624349,168.22327607201495,562.5026878563468,224.34396515400263,,,,
000016,0,Car,44.631107985350305,0.0,2,3,0.9792166491764549,0.0,0,too_few_points,661.23,174.85,694.38,197.63,661.3091206048756,175.0096492086401,694.4038212475683,197.87948218760903,,,,
000016,1,Truck,28.136895706527397,0.0,2,3,0.9573142425561406,0.41667582834893724,1477,ok,125.12,91.71,474.04,253.26,126.11973549516009,94.7550443077408,473.48420706449025,256.5591101915768,168.1857660530065,145.27077692201402,425.93256859383354,236.39584111063402
000016,2,Car,33.47478752733168,0.0,0,3,0.9602189787890513,0.26544556349293075,19,ok,684.49,172.19,733.85,205.26,684.9527530538684,172.6122524346565,733.6702373170714,205.7541675881495,684.9704176495206,192.33561726028603,730.2048590266659,201.91451607680307
000016,3,Car,7.270508923039706,0.5,0,3,0.9953459048459267,0.903770949788577,2210,ok,0.0,193.56,386.2,374.0,0.0,192.8194670923925,385.97929031589484,374.0,0.0,210.9131127846098,386.1752370825499,374.0
000016,4,Car,47.221576636109894,0.0,0,3,0.9752310914029001,0.0,0,too_few_points,494.45,181.84,527.48,205.27,494.6974708050685,181.78934171892882,527.3061219977037,205.51166864492288,,,,
000016,5,Tram,90.98314239462165,0.0,2,3,0.941131627814431,0.0,0,too_few_points,587.32,158.63,648.66,188.51,587.4756981077165,159.48128460575722,648.8090390166839,189.32574468416112,,,,
000019,0,Truck,6.5569352597078465,0.74,1,3,0.9976527204689122,0.7315413956750231,8333,ok,0.0,0.0,424.74,374.0,0.0,0.0,425.73932921304083,374.0,0.0,97.42837268281676,430.985753166577,374.0
000019,1,Car,10.25674899761128,0.0,0,3,0.9758631367180104,0.8351767407611493,914,ok,742.41,184.49,944.56,321.39,743.7322163121494,183.40463196053423,944.6047742712759,322.75830229298236,764.90864414474,186.85893480411224,951.1319979050365,319.5680473487818
000019,2,Van,35.471560439315326,0.0,0,3,0.9578886787066023,0.4076718250707505,24,ok,639.17,169.69,683.48,212.97,639.7595342347978,170.45102591526881,683.3328844464912,213.34653029045444,642.2979424513834,189.35495712032153,678.3808418754921,211.02193160793652
000019,3,Car,59.7673907745687,0.0,0,3,0.9673706713528771,0.0,0,too_few_points,551.01,184.06,575.42,204.29,551.2956464910102,183.8666357348598,575.2628965325001,204.40528059745017,,,,
000021,0,Cyclist,4.499388847388055,0.89,0,3,0.9609386273004766,0.9588173696944194,1702,ok,1056.16,190.5,1241.0,374.0,1061.6485899814204,188.65642136487105,1241.0,374.0,1057.3639386486582,196.90351066991326,1241.0,374.0
000021,1,Car,13.730833914952145,0.0,0,3,0.9768652908104368,0.926348014580203,603,ok,359.43,179.3,516.3,270.97,359.42946723924905,178.97950068867502,516.377331251277,272.7739287470463,361.7004046417374,183.62568274854806,516.3688535035235,272.2031921072471
000021,2,Car,17.852240755714675,0.0,1,3,0.9556539485817545,0.7358994297133292,270,ok,444.13,163.92,559.2,247.04,445.3438813548979,165.33209387847134,558.9621845908925,248.35744891820576,463.8281782295576,167.88698028503515,553.1585563601677,247.52939532719685
000021,3,Van,23.95364064187321,0.0,1,3,0.9740971552771425,0.6589671131942048,746,ok,870.59,115.22,1101.06,213.85,871.8653573460442,116.44459782312494,1100.7730465350082,213.1755201496682,883.3630677494074,138.7341850183135,1086.7879647831758,212.3689781528462
000021,4,Car,26.519609725635103,0.0,0,3,0.966089712612265,0.7429698745394677,84,ok,724.49,171.09,790.5,215.13,724.7563002323275,171.9403467399762,790.556717720553,215.5795985395809,725.7127425884224,176.82963825078554,785.6273323169202,212.87884045431534
000021,5,Car,26.92237359520887,0.0,1,3,0.9572550766705945,0.6845315974336538,85,ok,534.25,166.2,596.08,216.76,535.0111219799,167.0202108849874,595.915376385145,217.39233896850016,534.7816482391613,179.5643063732626,595.3157180477737,214.91516267429574
000021,6,Car,32.63841601548703,0.0,2,3,0.960326484610934,0.5826095111593428,11,ok,709.81,162.43,765.7,205.68,710.2848767352785,163.1935186832409,765.5014543187472,206.14422748078974,719.2785269525621,165.18684536811972,758.6949668383589,200.91580707442677
000021,7,Car,31.832576081743685,0.0,2,3,0.9754137973252115,0.09652836437455721,18,ok,562.02,166.42,605.57,206.89,562.3024472513196,166.8479980321676,605.6306380533558,207.15062963165815,562.1623277319471,202.4586206451596,600.5966708776806,206.94093071380263
000023,0,Truck,69.30794254629119,0.0,0,3,0.9178828944414382,0.0,2,too_few_points,599.21,156.67,629.63,189.6,599.9569369496087,157.64681469393744,630.0198696423093,190.22487300273383,,,,
000023,1,Car,57.5697507376921,0.0,0,3,0.9821580102147335,0.0,0,too_few_points,372.95,182.64,412.21,205.68,373.1396449843585,182.4820508295903,412.1340955212618,205.7836972103021,,,,
000023,2,Cyclist,45.014563199035926,0.0,3,3,0.9779735140244343,0.0,0,too_few_points,677.94,164.64,690.85,195.36,678.1378184454799,164.7667944800857,690.8494130317056,195.4427587791681,,,,
000025,0,Car,4.311252718178325,0.94,3,3,0.9856064839830768,0.845605324822459,1218,ok,896.11,218.17,1241.0,374.0,898.5029003166934,216.98302958382394,1241.0,374.0,920.7244773564281,232.1022093728159,1241.0,374.0
000025,1,Car,10.775778394157891,0.0,0,3,0.9742745637668554,0.6690562996601049,696,ok,351.84,183.19,537.77,308.64,351.7666609883152,182.21023161523294,538.1847944063541,310.63553951776197,347.51653971514986,191.97742883560878,491.98068006272433,312.8407891172344
000025,2,Car,30.240755612252812,0.0,0,3,0.9669282727866185,0.09616738430482234,9,ok,562.48,173.46,618.49,217.36,562.8961453665445,173.96220737936218,618.3098523894125,217.8697250443342,563.4480813853833,189.33631491511468,572.5775877062687,215.23696131871478
000025,3,Car,17.940526748119744,0.0,0,3,0.9751509760069702,0.3332995486113933,139,ok,724.21,178.91,805.39,249.94,725.107421124518,178.98822669072274,805.3517843060697,250.84158412620693,730.1238196710676,186.47523096273625,760.4226846624225,250.0423388344547
000025,4,Cyclist,44.75969392209916,0.0,3,3,0.9524540462083634,0.0,0,too_few_points,650.19,175.43,659.99,205.2,650.5437383040933,175.55904926698628,659.9504092361298,205.3058116824079,,,,
000025,5,Car,22.771293331736782,0.0,1,3,0.9728015225905532,0.32757817070624734,79,ok,720.81,187.01,779.98,236.22,721.1333059631885,186.67116853149815,780.0457783260022,236.9304858242921,759.3570515682701,185.74431830109407,779.1437023309181,238.0204206135207
000031,0,Car,12.73406847790603,0.0,0,3,0.9764220979806445,0.9146728551468037,854,ok,334.28,180.65,490.02,297.48,335.7273438441271,179.98405255694783,490.0223086671438,298.5374760804724,331.809592694941,185.4129421757205,492.10338710840983,295.2106884830136
000031,1,Car,9.180201522842514,0.0,0,3,0.9908609426857024,0.8539398054538336,830,ok,785.85,179.67,1028.82,340.75,786.7491195548324,179.3046239343149,1028.728879630269,341.21114269259,806.2597789905159,181.99867477096274,1020.8686449483853,344.287433461694
000031,2,Car,13.55821522177606,0.0,1,3,0.978203384985609,0.3780895187206022,182,ok,711.98,179.65,848.82,277.62,713.0546386126352,179.1224587910857,849.175673072752,278.2403169952203,727.9963539541977,186.80587933121294,783.8706287133651,277.5229279809652
000031,3,Truck,22.591451923238576,0.0,2,3,0.9749500890581079,0.4759429051600129,217,ok,445.91,131.69,539.77,228.36,446.41317124655757,132.98454455565914,539.7122187552809,228.93476767171188,444.68298226241643,147.10906199358942,500.83427437184616,226.5794296019403
000031,4,Car,26.60241154482052,0.0,0,3,0.9753634061961808,0.1715060969079436,29,ok,660.82,178.72,713.09,222.03,661.2641280806298,178.71072078852194,712.8565615531642,222.54589034184696,660.7981895952405,190.92007199238412,673.3239321550965,222.31963554029218
000031,5,Van,51.96460911043207,0.0,0,3,0.9697643693994995,0.02237432648305131,3,ok,620.95,171.59,649.36,200.46,621.2906993658673,171.97754619301378,649.3347837026845,200.58379695868027,644.1443742941302,173.98080731754413,646.4250843896851,182.02713849391233
000032,0,Car,9.801535593977098,0.0,0,3,0.9783876372773933,0.909502117946196,1310,ok,178.19,189.36,435.56,344.73,178.1443875527685,188.62503752445608,436.1907794226634,347.0108734139042,174.4436103758317,192.81936956028224,433.61447948013677,352.8554202245385
000032,1,Car,9.275570063343816,0.0,0,3,0.9812337248216836,0.8300376962822777,908,ok,776.17,182.37,1014.36,335.44,777.6705926778095,182.02622179328785,1013.5778336703476,336.54253011711035,804.5527067957479,188.37852670253264,1015.3421567772745,338.13610886306265
000032,2,Van,14.905562720004903,0.0,1,3,0.9758648795116649,0.919256144531923,671,ok,340.65,150.97,489.14,274.11,341.12140444055734,152.555046472,489.5298290328204,274.81708714426026,340.8829351455243,156.06663076335158,486.7143986048635,277.13696930445093
000032,3,Car,13.898881249942386,0.0,1,3,0.9742995924477093,0.1733548973720788,93,ok,711.6,180.21,863.08,273.6,712.314041241092,179.26942630684297,863.7530219875109,274.2565717864618,742.5324247566837,182.12768756929717,792.8861594397839,230.8311794511198
000032,4,Car,20.23326468961448,0.0,2,3,0.9663012576153752,0.15835597934768877,15,ok,709.49,176.89,777.81,234.26,709.9161720281708,177.14060897060267,777.4996493515463,235.37615334215786,709.10772902977,178.1503658895941,770.8697412246222,188.2724664832539
000032,5,Van,25.46885352739695,0.0,2,3,0.977986335978767,0.4012986886085947,156,ok,119.13,141.28,368.15,230.69,119.5039409132526,142.97603150445732,368.1824370955335,230.56046849929453,154.4482152022022,147.3415697058663,323.1013794702829,200.31932711982014
000032,6,Car,25.887692056264886,0.0,2,3,0.9632107856685036,0.15203018439331073,29,ok,725.15,164.18,806.31,219.41,725.8924318160255,164.95046522737965,806.3297583317685,220.19611296663183,727.5158119322862,168.35449213384408,759.0505568769132,189.96463216629115
000032,7,Van,44.74503994857977,0.0,0,3,0.9657722335415692,0.006628586029058781,12,ok,611.72,163.22,643.8,197.13,612.1551095380427,163.6660026079232,643.7350290917562,197.3330109411708,613.2069931264481,194.76686279150218,640.5931138669366,195.0301638032943
000032,8,Van,41.11421165485239,0.0,2,3,0.9690058707868661,0.2592358797941376,65,ok,780.93,147.56,917.34,199.48,781.5408337122395,148.52853011153715,917.339598877495,199.06576546674543,787.1150297125265,152.49448148472933,846.1411131069641,183.5996125720031
000032,9,Car,45.17375676208478,0.0,0,3,0.9628772902070948,0.009378362074750733,13,ok,494.77,173.81,531.54,199.22,494.85283211104957,174.22767368896297,531.7657899049505,199.55264662467962,506.46791635997806,196.00857472778068,531.9418692298393,196.35811735928704
000043,0,Pedestrian,12.847509486277875,0.0,0,3,0.7353322072101504,0.0022954581955115802,8,ok,471.56,174.73,502.47,266.4,466.10431265793187,175.05310837460217,507.9994355769062,266.30890104709573,465.71050822954464,262.3721689273875,483.7051225923527,262.9083038896803
000043,1,Pedestrian,12.72912015812562,0.0,0,3,0.9070836411582872,0.6903185726471102,166,ok,441.08,170.15,473.22,268.12,438.92218850599966,170.39824758857097,472.34124713064364,268.36565229836106,436.4899012484972,176.62479892958908,468.07790992419285,268.42359416264196
000043,2,Pedestrian,20.711064675675175,0.0,0,3,0.8114317456189969,0.8084672244076119,89,ok,684.72,161.94,711.08,230.1,680.174033267347,162.01147378875106,712.5665043723657,230.23798851294126,681.6166059509362,162.1746050347069,708.9366313279012,229.0898105434967
000043,3,Pedestrian,20.62876632278334,0.0,0,3,0.7393544676214817,0.0004266047641189119,5,ok,719.54,160.0,745.42,229.67,712.4257147206886,160.10491809788257,747.366846520692,229.6074026886894,721.8625447708608,228.67271701349068,730.140419428697,228.7656386687639
000048,0,Pedestrian,16.9372843159699,0.0,0,3,0.7428340489657085,0.17576348909788383,93,ok,659.64,160.9,687.89,236.97,650.5185844788841,160.81018381370345,687.488454828534,236.77048279270358,649.0589582319463,165.09618697843464,666.9274597665485,234.68585786360995
000048,1,Pedestrian,17.211362525959416,0.0,0,3,0.7343542011568722,0.00379097070288113,19,ok,680.59,157.38,711.83,236.18,672.9630173041974,157.5730134965672,715.4119078679048,236.14191244356445,673.0848173672789,234.73417475401098,712.7321356087654,235.03320832757788
000048,2,Pedestrian,16.627450195384743,0.0,0,3,0.6113620247382592,0.0,0,too_few_points,453.2,159.81,482.53,241.31,436.0897053007659,159.9945358993101,483.9688648668152,241.22950966182626,,,,
000048,3,Cyclist,30.4403301558968,0.0,0,3,0.9556405768602276,0.0,0,too_few_points,600.22,162.56,622.05,206.65,600.9738827243284,162.50318019636518,621.9184216677165,206.52977705871808,,,,
000049,0,Car,21.60752415247985,0.0,0,3,0.9718225938597228,0.3040761631853357,78,ok,595.5,177.15,657.31,227.34,596.1267011954695,177.49598708230516,657.5340999804151,227.74107719295873,595.1854287833729,180.99877614722354,617.1386982260235,224.7863855185656
000049,1,Car,14.431735862327859,0.0,0,3,0.9702037568702869,0.6821774032457688,317,ok,305.23,179.59,494.97,263.68,305.9072734279399,179.8485057165719,494.5352492375484,265.50033225883084,312.69005391776193,178.8282084934483,444.4923424506947,262.69019958994977
000049,2,Car,22.3452746682604,0.0,2,3,0.971827383677246,0.7136996044447007,86,ok,410.09,176.18,514.77,228.78,410.71263166178136,176.5177405326309,514.8405375444082,229.60658515330098,432.0225380671998,178.4097131936491,512.9195873680748,226.98688575516508
000049,3,Car,25.244710337019118,0.0,2,3,0.9655017273894114,0.42321177951407973,55,ok,435.96,173.6,537.84,218.33,436.1481361523229,174.20161855068497,538.1202209207707,219.09865847376818,466.809585565779,174.77289526707028,511.4157067781173,219.08741252389015
000049,4,Car,32.80861624634602,0.0,2,3,0.9576592442823294,0.003337701059153931,4,ok,473.64,171.53,556.16,203.86,473.9956656357029,172.1371539478265,556.2318639348146,204.4871588282381,513.7197044496284,190.45437567846386,516.096530226805,194.20078315624878
000049,5,Van,45.87890582827799,0.0,3,3,0.9643710323511584,0.0,2,too_few_points,515.19,156.84,585.71,193.55,515.5508569734449,157.38830591515645,585.753745269618,194.12597743926378,,,,
000049,6,Pedestrian,5.707845477936487,0.29,3,3,0.7278903057181423,0.6944379506245086,1208,ok,984.43,188.05,1128.77,374.0,951.8577245893068,188.37690056476015,1149.9026379023128,374.0,948.0945020137663,199.28651104382357,1146.6629730436882,374.0
000049,7,Car,10.530056979902815,0.0,1,3,0.9821619268017031,0.5810387050769701,191,ok,823.97,189.33,1083.14,327.79,824.9892559490418,188.66136840812115,1082.9232100789143,328.97257126371,866.3034535302354,191.73518009180725,1022.7959060384354,324.9709152295082
000049,8,Car,15.530991597447988,0.0,1,3,0.9808795133183608,0.17839604859056796,98,ok,753.34,185.35,885.42,263.59,753.9829653628616,184.85113157996162,885.1799551303761,264.08969234252936,780.4025772976414,188.48145331238268,826.2272812182372,228.7115860121949
000049,9,Car,20.710943966898274,0.0,2,3,0.9693536791289407,0.11329865456170625,31,ok,719.83,169.31,816.44,238.11,720.4623798599148,170.46434323421525,816.5518670739141,238.561606198555,738.3332588177883,169.1856280965543,771.6789685589916,191.9078021602865
000049,10,Pedestrian,32.830986887390395,0.0,0,3,0.7023424674735368,0.0,0,too_few_points,693.57,173.32,709.9,209.83,687.2543649315686,173.4991322090187,710.3931798026124,209.87935576503313,,,,
000049,11,Car,33.28710561163286,0.0,2,3,0.9733507704553465,0.829044550973891,92,ok,776.77,170.97,882.28,211.7,777.2036994081187,171.673094172071,882.1292043899753,211.53851399921675,782.4034234870525,172.4048106693228,877.3366293565442,209.93387658906576
000049,12,Car,14.50226189254628,0.07,3,3,0.9812738323888572,0.7734667030543099,323,ok,0.0,178.64,252.92,280.6,0.0,178.47552336549273,252.87598082667043,282.36353137850654,0.0,181.01360548562448,239.78227676238876,264.1971731458252
000049,13,Car,19.08105080963834,0.0,1,3,0.9775133658087097,0.599583116757618,227,ok,194.14,174.89,341.99,241.74,194.82313020541372,175.1222260726661,341.91417714994725,242.6953142241801,195.17171822440616,178.6680296949109,291.028614904414,243.82337424872537
000049,14,Car,35.70534273746718,0.0,2,3,0.9709378648491018,0.42960077981153505,18,ok,603.49,171.71,639.3,204.36,603.5915994658061,172.2067624751913,639.1704078604587,204.6134888248586,616.8263236699635,180.303278579075,639.7279266534571,202.83766004220797
000049,15,Car,23.25483390609359,0.0,2,3,0.9771454613185871,0.05833264616948477,11,ok,287.85,175.62,379.41,228.84,287.93333708106087,176.22506147090235,379.52010940175455,229.3531197010136,301.53283918932306,175.36539608492242,320.4074889303653,190.6944515257493
000049,16,Van,35.61556120574264,0.0,3,3,0.9744531218365056,0.25726262003549877,166,ok,881.73,155.07,1040.99,215.24,882.4211546924689,155.93761639079634,1040.8428904698314,214.88070739981723,898.2233558802062,158.10421835262915,982.4878699757271,187.36047050218755
000049,17,Car,22.431596019900145,0.38,3,3,0.9681054333598386,0.18560757859730428,35,ok,0.0,170.48,111.64,240.66,0.0,171.4587793236274,111.34649144536374,241.77608472684753,0.0,176.6183513819386,34.95085371713299,218.22580218714688
000061,0,Van,18.858870591846163,0.05,3,3,0.9699866414435606,0.6574660488731143,692,ok,1054.28,105.67,1241.0,249.94,1056.2277180576414,106.82392060334384,1241.0,251.69360565656783,1092.4280367359863,128.18955857255096,1241.0,247.39699246683543
000061,1,Car,14.805975145190539,0.79,3,3,0.8720608278787242,0.0,281,outside_image,0.0,212.28,41.28,328.12,0.0,210.8663552191857,41.35643887064087,343.45560804505067,,,,
000061,2,Car,41.06383688843506,0.0,2,3,0.9727477298770077,0.0,0,too_few_points,69.7,217.73,112.22,254.15,69.72294373408414,217.24038583229748,112.252329666391,254.63261097582128,,,,
000061,3,Car,21.305694074589542,0.14,1,3,0.9591071115636739,0.7667702489265088,135,ok,0.0,218.4,93.89,297.9,0.0,217.75544346188354,93.31368713454773,300.15404000262527,0.0,228.37454748557184,89.36721001441951,292.4178208906324
000061,4,Misc,37.18469308734442,0.0,3,3,0.9502838542374648,0.5768557445840072,29,ok,879.45,149.53,932.13,173.41,879.827447576867,150.16614786495748,932.2348401781705,173.06631255403633,879.1054780075012,153.9980713498978,917.6594708993225,173.08961673250562
000061,5,Van,43.67330763750325,0.0,3,3,0.9667914579886671,0.007256410197950295,13,ok,884.04,123.51,923.63,169.76,884.5420967539615,123.89551783064833,923.5194726804868,169.31241345732965,887.4106563161812,164.40484517379184,917.8835116896629,164.84086467458965
